source_file,docket_number,date,court,reference
4-1351-16_1.txt,IV. US 1351/16,2017-04-06,ConCo,7 Afs 129/2015-37
Pl-24-10_1.txt,Pl. US 24/10,2011-03-22,ConCo,ve spojenych vecech Volker und Markus Schecke GbR GbR a Hartmut Eifert v. Land Hessen
1-129-05.txt,I. US 129/05,2006-05-30,ConCo,2 Afs 136/2004-77
1-3082-10_1.txt,I. US 3082/10,2011-03-17,ConCo,rozhodnuti ESLP ve veci Volesky proti Ceske republice Prehled rozsudku ESLP c. 5/2004
2-1809-16_1.txt,II. US 1809/16,2016-09-27,ConCo,3 Af 32/2012-70
1-2584-09_1.txt,I. US 2584/09,2009-12-09,ConCo,5 Afs 29/2004-74
1-49-07_1.txt,I. US 49/07,2008-03-19,ConCo,43 Cad 113/2003-40
2-2574-07_1.txt,II. US 2574/07,2008-03-06,ConCo,42 Cad 224/2005-17
1-602-03.txt,I. US 602/03,2004-05-06,ConCo,10 Az 50/2003
2-490-15_1.txt,II. US 490/15,2017-05-10,ConCo,Pst 17/2007-31
4-1818-12_1.txt,IV. US 1818/12,2012-10-09,ConCo,30 Af 54/2010-265
4-2840-16_1.txt,IV. US 2840/16,2017-03-23,ConCo,10 Afs 18/2015 pod bodem 13
3-2792-13_2.txt,III. US 2792/13,2013-11-21,ConCo,ve veci Volesky proti Ceske republice
2-657-08_2.txt,II. US 657/08,2012-05-16,ConCo,2 Cad 22/2008-52
2-657-08_2.txt,II. US 657/08,2012-05-16,ConCo,4 Ads 143/2009-77
4-426-07_1.txt,IV. US 426/07,2007-05-02,ConCo,Nc 378/2004
1-2256-10_1.txt,I. US 2256/10,2010-10-07,ConCo,4 Ads 45/2003-133
2-2556-10_1.txt,II. US 2556/10,2010-11-04,ConCo,Nc 5344/2005-120
3-19-03.txt,III. US 19/03,2003-10-09,ConCo,Spr 233/2002
4-432-2000.txt,IV. US 432/2000,2001-02-15,ConCo,Nc 1704/99
4-432-2000.txt,IV. US 432/2000,2001-02-15,ConCo,Nc 1704/99-3
4-432-2000.txt,IV. US 432/2000,2001-02-15,ConCo,Nc 1704/99-11
4-1234-09_1.txt,IV. US 1234/09,2012-02-03,ConCo,Nc 12/45
3-682-04.txt,III. US 682/04,2005-01-27,ConCo,7 As 8/2004-128
1-2350-10_1.txt,I. US 2350/10,2010-09-15,ConCo,Nc 97/98-8
3-2906-07_1.txt,III. US 2906/07,2008-03-26,ConCo,21 Cad 16/2004-62
Pl-43-96.txt,Pl. US 43/96,1997-05-13,ConCo,I. S 59/93
2-367-06_1.txt,II. US 367/06,2006-10-12,ConCo,Spr 229/06
1-2-07_1.txt,I. US 2/07,2008-04-08,ConCo,Nc 639/2004-106
1-2-07_1.txt,I. US 2/07,2008-04-08,ConCo,Nc 639/2004-46
4-1811-16_1.txt,IV. US 1811/16,2016-07-29,ConCo,57 Af 29/2014-58
2-521-03_1.txt,II. US 521/03,2005-09-26,ConCo,6 Ads 41/2003-79
2-521-03_1.txt,II. US 521/03,2005-09-26,ConCo,6 Ads 42/2003-87
2-521-03_1.txt,II. US 521/03,2005-09-26,ConCo,6 Ads 16/2004-24
2-2600-14_1.txt,II. US 2600/14,2014-09-18,ConCo,15 Af 164/2013-54
1-510-06_1.txt,I. US 510/06,2007-04-25,ConCo,Nc 6193/2004-13
1-510-06_1.txt,I. US 510/06,2007-04-25,ConCo,Nc 6193/2004-20
2-1669-16_1.txt,II. US 1669/16,2016-06-14,ConCo,8 As 17/2007
2-182-17_1.txt,II. US 182/17,2017-02-08,ConCo,7 As 131/2012 nebo 7 As 90/2012
1-300-98.txt,I. US 300/98,1998-11-17,ConCo,Nc 407/91-135
1-1896-09_1.txt,I. US 1896/09,2009-09-08,ConCo,rozsudkem 61 Az 23/2007-17
1-1896-09_1.txt,I. US 1896/09,2009-09-08,ConCo,usnesenim 3 Azs 68/2008-47
3-105-05.txt,III. US 105/05,2005-06-29,ConCo,Nc 517/2003
4-2864-14_1.txt,IV. US 2864/14,2014-10-21,ConCo,1 Afs 54/2004-125 5 Afs 172/2006-115 5 Afs 188/2004-63
2-125-08_1.txt,II. US 125/08,2008-10-07,ConCo,2 Ads 76/2003-72
3-772-18_1.txt,III. US 772/18,2018-05-29,ConCo,1 Ads 73/2015-62
4-92-16_1.txt,IV. US 92/16,2016-01-20,ConCo,59 Af 9/2015-50
4-1642-11_1.txt,IV. US 1642/11,2011-11-08,ConCo,6 Ads 62/2003-112
4-1642-11_1.txt,IV. US 1642/11,2011-11-08,ConCo,4 Ads 23/2005-90
2-3378-15_1.txt,II. US 3378/15,2016-01-26,ConCo,1 As 202/2015-24
1-1815-18_1.txt,I. US 1815/18,2018-09-04,ConCo,6 As 23/2006-98 nebo 7 As 261/2014-42
1-958-07_1.txt,I. US 958/07,2009-04-06,ConCo,4 Cad 79/2004
1-958-07_1.txt,I. US 958/07,2009-04-06,ConCo,4 Cad 79/2004-40
1-958-07_1.txt,I. US 958/07,2009-04-06,ConCo,4 Cad 79/2004-21
Pl-22-14_1.txt,Pl. US 22/14,2015-02-24,ConCo,1 Ao 7/2012-526
4-15-05.txt,IV. US 15/05,2005-02-03,ConCo,10 Az 185/2003
2-153-04.txt,II. US 153/04,2005-10-27,ConCo,Spr 3431/2003
2-418-07_1.txt,II. US 418/07,2008-10-23,ConCo,10 Afs 10/2003-54
1-2608-11_1.txt,I. US 2608/11,2013-07-30,ConCo,Mestskeho soudu v Praze 4 Cad 50/2006-37
2-4185-12_1.txt,II. US 4185/12,2013-02-21,ConCo,5 Afs 64/2011-124 a 5 Afs 73/2011-62
4-3111-15_1.txt,IV. US 3111/15,2015-11-23,ConCo,6 As 150/2015-25
1-2964-09_1.txt,I. US 2964/09,2010-03-30,ConCo,2 Afs 73/2008-133
4-1928-09_1.txt,IV. US 1928/09,2009-10-22,ConCo,6 As 21/2007-109 a 6 As 41/2008-157
1-98-06_1.txt,I. US 98/06,2008-12-01,ConCo,36 Az 427/2003-32
3-2286-13_1.txt,III. US 2286/13,2013-11-14,ConCo,7 Afs 36/2007 a 7 Afs 89/2007
3-1341-08_1.txt,III. US 1341/08,2010-04-29,ConCo,3 Afs 57/2004-39
1-17-04.txt,I. US 17/04,2004-12-15,ConCo,2 As 31/2003-53
3-410-99.txt,III. US 410/99,1999-09-10,ConCo,Nc 1013/98
3-24-06.txt,III. US 24/06,2006-02-23,ConCo,16 Cad 64/2002
4-505-16_1.txt,IV. US 505/16,2016-08-09,ConCo,7 Afs 214/2015 a 7 Afs 215/2015
4-505-16_1.txt,IV. US 505/16,2016-08-09,ConCo,2 Azs 23/2003-39 nebo 4 As 5/2003-52
Pl-2-09_1.txt,Pl. US 2/09,2009-04-07,ConCo,Konf 103/2004 ci Konf 27/2007
4-100-98.txt,IV. US 100/98,1998-11-30,ConCo,Nc 1800/91-8
1-655-17_2.txt,I. US 655/17,2017-11-09,ConCo,7 Ao 7/2011-55
3-622-09_1.txt,III. US 622/09,2009-06-18,ConCo,1 Cad 24/2007
3-622-09_1.txt,III. US 622/09,2009-06-18,ConCo,42 Cad 12/2005
1-1509-18_1.txt,I. US 1509/18,2018-08-07,ConCo,Spr 208/2018
4-2597-13_1.txt,IV. US 2597/13,2014-09-30,ConCo,1 Afs 47/2004-74
1-1509-11_1.txt,I. US 1509/11,2011-06-07,ConCo,6 Ads 138/10
4-1378-16_4.txt,IV. US 1378/16,2017-10-17,ConCo,ve veci Volker a Markus Schecke GbR
4-3243-15_1.txt,IV. US 3243/15,2015-11-12,ConCo,Ars 5/2014-21
4-3243-15_1.txt,IV. US 3243/15,2015-11-12,ConCo,Ars 3/2015-30
4-3243-15_1.txt,IV. US 3243/15,2015-11-12,ConCo,Ars 9/2014-98
2-222-06.txt,II. US 222/06,2006-06-21,ConCo,Nc 845/2002
1-539-07_1.txt,I. US 539/07,2007-11-07,ConCo,19 Cad 75/2004
1-539-07_1.txt,I. US 539/07,2007-11-07,ConCo,6 Ads 63/2005-87
3-1847-11_1.txt,III. US 1847/11,2011-08-08,ConCo,60 Ad 13/2010-14
1-1638-15_1.txt,I. US 1638/15,2015-06-30,ConCo,1 Afs 121/2014-55
4-1126-12_2.txt,IV. US 1126/12,2012-04-10,ConCo,14 Kse 6/2010 a 14 Kse 1/2011
1-4037-14_1.txt,I. US 4037/14,2016-01-26,ConCo,4 Afs 2010/2014-57
4-129-01.txt,IV. US 129/01,2001-06-11,ConCo,Nc 908/2000
3-151-07_1.txt,III. US 151/07,2007-11-29,ConCo,Sst 2/2003-225
1-2996-07_2.txt,I. US 2996/07,2007-11-27,ConCo,19 Cad 25/2006-157
2-2130-14_1.txt,II. US 2130/14,2014-08-26,ConCo,2 Azs 47/2003-13
1-1992-15_1.txt,I. US 1992/15,2015-07-15,ConCo,rozsireneho senatu NSS 9 Afs 59/2007-56
2-3053-16_1.txt,II. US 3053/16,2016-12-13,ConCo,ve veci. Na druhou stranu ve veci K. F. proti Kypru
1-793-15_1.txt,I. US 793/15,2015-05-12,ConCo,7 As 46/2014-89 a proti usneseni Krajskeho soudu v Brne
1-2060-10_1.txt,I. US 2060/10,2010-10-04,ConCo,21 Cad 186/2007
1-973-07_1.txt,I. US 973/07,2009-04-06,ConCo,4 Cad 83/2004
1-973-07_1.txt,I. US 973/07,2009-04-06,ConCo,4 Cad 83/2004-37
2-164-15_1.txt,II. US 164/15,2015-05-05,ConCo,8 As 51/2007-69
1-2586-16_1.txt,I. US 2586/16,2016-08-11,ConCo,38 Ad 6/2013
1-2586-16_1.txt,I. US 2586/16,2016-08-11,ConCo,rozsireneho senatu NSS 1 As 21/2010-65
1-383-03.txt,I. US 383/03,2004-07-14,ConCo,Nc 8479/2003
2-26-03.txt,II. US 26/03,2005-01-13,ConCo,Nc 5005/2001-69
4-474-03.txt,IV. US 474/03,2004-05-20,ConCo,rozhodovani soudu a soudnich rozhodnuti Nejvyssiho soudu CR S III str. 147
3-741-06_1.txt,III. US 741/06,2007-11-29,ConCo,Sst 2/2003-225
4-851-14_1.txt,IV. US 851/14,2015-05-19,ConCo,2 Afs 180/2004-44 1 Afs 125/2006-63
4-851-14_1.txt,IV. US 851/14,2015-05-19,ConCo,stiznost proti rozsudku Nejvyssiho spravniho soudu 2 Afs 79/2010-80
2-3639-14_1.txt,II. US 3639/14,2015-01-27,ConCo,1 Afs 121/2014-55
1-2866-15_1.txt,I. US 2866/15,2016-03-14,ConCo,rozsireneho senatu NSS 2 As 35/2008-56
1-2866-15_1.txt,I. US 2866/15,2016-03-14,ConCo,rozsireneho senatu NSS 8 As 85/2012-88
1-2866-15_1.txt,I. US 2866/15,2016-03-14,ConCo,publ. pod c. 3110/2014 Sb. NSS ci rozsudek NSS 1 As 77/2010-95
1-2866-15_1.txt,I. US 2866/15,2016-03-14,ConCo,rozsireneho senatu NSS 8 As 8/2011-68
1-2866-15_1.txt,I. US 2866/15,2016-03-14,ConCo,8 As 8/2011-68
3-3412-17_1.txt,III. US 3412/17,2018-04-03,ConCo,1 Afs 47/2004-74
3-1119-09_1.txt,III. US 1119/09,2010-05-06,ConCo,6 Ads 28/2007 ve veci zaloby proti rozhodnuti Policie CR c. 601/99
2-3462-13_1.txt,II. US 3462/13,2014-01-22,ConCo,Nc 642/2013-985
1-66-04.txt,I. US 66/04,2005-03-24,ConCo,4 Ads 44/2003
2-199-04.txt,II. US 199/04,2004-12-21,ConCo,Nc 1153/99
3-374-06_1.txt,III. US 374/06,2007-10-31,ConCo,ve veci 1 Afs 107/2004
1-2302-07_1.txt,I. US 2302/07,2007-10-09,ConCo,Nc 366/2006
4-814-06_1.txt,IV. US 814/06,2008-01-11,ConCo,5 Afs 182/2006
2-1838-15_1.txt,II. US 1838/15,2016-08-09,ConCo,8 As 17/2007-135
3-465-05.txt,III. US 465/05,2005-12-08,ConCo,Nc 1920/2004-22
2-403-07_1.txt,II. US 403/07,2008-10-23,ConCo,10 Afs 10/2003-54
1-229-2000.txt,I. US 229/2000,2001-02-09,ConCo,S 6/171/98
3-182-15_1.txt,III. US 182/15,2015-04-22,ConCo,Nc 13123/2004
2-250-07.txt,II. US 250/07,2007-02-14,ConCo,Nc 1601/2003-50
3-616-05.txt,III. US 616/05,2005-11-30,ConCo,36 Az 912/2003-18
4-3594-10_1.txt,IV. US 3594/10,2011-02-03,ConCo,38 Cad 32/2008-20
4-3594-10_1.txt,IV. US 3594/10,2011-02-03,ConCo,38 Cad 32/2008-16
4-3594-10_1.txt,IV. US 3594/10,2011-02-03,ConCo,38 Cad 32/2008
4-3594-10_1.txt,IV. US 3594/10,2011-02-03,ConCo,38 Cad 32/2008-46
2-389-97.txt,II. US 389/97,1998-04-23,ConCo,Spr 265/93
1-831-18_1.txt,I. US 831/18,2018-06-19,ConCo,3 As 3/2009-152 nebo 9 Ans 5/2008-107
4-2492-08_1.txt,IV. US 2492/08,2011-07-14,ConCo,5 Afs 77/2005 a 5 Afs 80/2005
3-781-06_1.txt,III. US 781/06,2008-01-22,ConCo,5 Afs 206/2004-82
3-781-06_1.txt,III. US 781/06,2008-01-22,ConCo,rozsireneho senatu NSS 2 Afs 81/2004-54
1-643-06_1.txt,I. US 643/06,2007-09-13,ConCo,S 341/2002
1-643-06_1.txt,I. US 643/06,2007-09-13,ConCo,rozsireneho senatu NSS 2 Afs 81/2004-54
1-643-06_1.txt,I. US 643/06,2007-09-13,ConCo,5 Afs 206/2004-82
3-2150-07_1.txt,III. US 2150/07,2008-05-28,ConCo,rozhodnuti ESLP ve veci Volesky proti Ceske republice Prehled rozsudku ESLP c. 5/2004
1-375-11_1.txt,I. US 375/11,2011-02-15,ConCo,4 Ans 9/2007-97
1-415-06_1.txt,I. US 415/06,2006-10-06,ConCo,Nc 4947/2002
1-1132-07_1.txt,I. US 1132/07,2007-08-29,ConCo,1 Cad 74/2005-44
2-125-15_1.txt,II. US 125/15,2015-02-03,ConCo,9 As 246/2014-34
1-3857-16_1.txt,I. US 3857/16,2017-06-14,ConCo,c. 861/2001 SJS ci rozsudek NSS 2 Ads 16/2003-56
1-3857-16_1.txt,I. US 3857/16,2017-06-14,ConCo,rozsireneho senatu NSS 9 Afs 59/2007-56
1-554-17_1.txt,I. US 554/17,2017-08-23,ConCo,c. 861/2001 SJS ci rozsudek NSS 2 Ads 16/2003-56
1-554-17_1.txt,I. US 554/17,2017-08-23,ConCo,rozsireneho senatu NSS 9 Afs 59/2007-56
4-731-05_2.txt,IV. US 731/05,2007-05-02,ConCo,Nc 5858/2005-25
1-674-04.txt,I. US 674/04,2005-02-28,ConCo,Nc 27/2002-116
1-674-04.txt,I. US 674/04,2005-02-28,ConCo,Nc 27/2002-196
1-674-04.txt,I. US 674/04,2005-02-28,ConCo,Nc 27/2002-297
Pl-26-11_1.txt,Pl. US 26/11,2012-02-28,ConCo,4 Ans 9/2007-97
1-222-04.txt,I. US 222/04,2005-01-25,ConCo,Spr 649/99-54
1-496-09_1.txt,I. US 496/09,2009-08-12,ConCo,5 Azs 15/2004-34
1-2177-08_1.txt,I. US 2177/08,2008-11-26,ConCo,1 Cad 96/2005-43
Pl-26-15_1.txt,Pl. US 26/15,2016-01-06,ConCo,11 Kss 9/2009-331
Pl-26-15_1.txt,Pl. US 26/15,2016-01-06,ConCo,11 Kss 9/2009-455
2-2147-11_1.txt,II. US 2147/11,2012-05-15,ConCo,obsazenou v rozhodnuti NSS 2 Afs 159/2005-43
3-2770-09_2.txt,III. US 2770/09,2012-01-05,ConCo,Uradu pod S 222/03 a S 127/04
3-2770-09_2.txt,III. US 2770/09,2012-01-05,ConCo,8 As 17/2007
1-3829-16_1.txt,I. US 3829/16,2017-02-15,ConCo,rozsireneho senatu NSS 2 As 25/2007-118
2-618-17_1.txt,II. US 618/17,2017-05-16,ConCo,31 Af 23/2015-138
2-2888-16_1.txt,II. US 2888/16,2017-06-27,ConCo,47 Af 16/2012-53
2-2888-16_1.txt,II. US 2888/16,2017-06-27,ConCo,1 Afs 215/2012-56
4-439-04.txt,IV. US 439/04,2004-12-21,ConCo,5 Afs 29/2004-74
2-2113-08_1.txt,II. US 2113/08,2008-11-05,ConCo,2 Cad 117/2006-41
1-718-12_1.txt,I. US 718/12,2012-04-19,ConCo,32 Ad 1/2011-43
4-1394-14_1.txt,IV. US 1394/14,2014-10-14,ConCo,2 As 86/2013-8
2-267-05.txt,II. US 267/05,2006-09-20,ConCo,Afs 84/2004 a 7 Afs 100/2004
2-2766-16_1.txt,II. US 2766/16,2017-02-15,ConCo,31 Af 167/2013-84
2-2766-16_1.txt,II. US 2766/16,2017-02-15,ConCo,9 Afs 30/2007-73
2-2766-16_1.txt,II. US 2766/16,2017-02-15,ConCo,8 Afs 15/2007-16
1-65-04.txt,I. US 65/04,2004-12-15,ConCo,2 As 75/2003-46
3-243-95.txt,III. US 243/95,1995-12-14,ConCo,Na 277/95
2-502-02.txt,II. US 502/02,2002-10-08,ConCo,Nc 5/2000-40
Pl-9-15_1.txt,Pl. US 9/15,2017-08-08,ConCo,2 As 149/2014 a 7 Afs 18/2015
Pl-9-15_1.txt,Pl. US 9/15,2017-08-08,ConCo,rozsireneho senatu NSS 5 As 104/2013-46
Pl-9-15_1.txt,Pl. US 9/15,2017-08-08,ConCo,publ. pod c. 3191/2015 Sb. NSS a 5 Afs 175/2006-116
Pl-9-15_1.txt,Pl. US 9/15,2017-08-08,ConCo,pripadne 6 Afs 24/2016-26
Pl-9-15_1.txt,Pl. US 9/15,2017-08-08,ConCo,11 rozsudku NSS 6 Afs 24/2016-26
4-2730-10_1.txt,IV. US 2730/10,2010-10-18,ConCo,12 Ad 7/2010-107
4-3226-14_1.txt,IV. US 3226/14,2015-04-21,ConCo,8 Afs 34/2009-68
1-3133-16_1.txt,I. US 3133/16,2016-11-28,ConCo,ve veci ( 2 As 21/2015-25
1-1074-13_1.txt,I. US 1074/13,2014-07-28,ConCo,a ve veci Volesky proti Ceske republice
1-1308-16_1.txt,I. US 1308/16,2017-05-10,ConCo,ci rozsudek 3 As 35/2006-87
1-1110-09_1.txt,I. US 1110/09,2010-09-23,ConCo,tomu rozhodnuti NSS 6 As 70/2007-104
2-429-06.txt,II. US 429/06,2007-02-22,ConCo,Spr 6297/2000
4-497-09_1.txt,IV. US 497/09,2009-03-26,ConCo,3 Ads 107/2005-67 a 3 Ads 108/2005-64
2-1541-15_1.txt,II. US 1541/15,2015-08-31,ConCo,31 Af 44/2012-45
3-1012-10_1.txt,III. US 1012/10,2010-08-12,ConCo,3 Ads 130/2008 a evidovane pod c. C-399/09
3-1012-10_1.txt,III. US 1012/10,2010-08-12,ConCo,41 Cad 124/2005-22
1-394-01.txt,I. US 394/01,2001-09-13,ConCo,S 747/99
4-52-95.txt,IV. US 52/95,1995-04-05,ConCo,Na 232/94-33
2-2520-11_1.txt,II. US 2520/11,2011-12-15,ConCo,8 Afs 47/2008-180
1-3598-10_1.txt,I. US 3598/10,2011-05-25,ConCo,30 Af 34/2010–13
1-3598-10_1.txt,I. US 3598/10,2011-05-25,ConCo,9 Aps 1/2010–78
1-3598-10_1.txt,I. US 3598/10,2011-05-25,ConCo,30 Af 34/2010-13
Pl-24-07_3.txt,Pl. US 24/07,2008-01-31,ConCo,Ca 25/2005
4-3608-14_1.txt,IV. US 3608/14,2015-04-20,ConCo,6 Azs 69/2014 a rozsudku Krajskeho soudu v Hradci Kralove
3-201-10_1.txt,III. US 201/10,2010-06-17,ConCo,6 Azs 28/2009-98
3-275-05.txt,III. US 275/05,2005-08-02,ConCo,33 Cad 99/2004-21
1-242-12_1.txt,I. US 242/12,2012-12-03,ConCo,1 Af 98/2008
2-641-17_1.txt,II. US 641/17,2017-03-21,ConCo,31 Af 33/2014-125
3-3673-14_4.txt,III. US 3673/14,2015-02-10,ConCo,Vol 36/2006-22
Pl-28-95.txt,Pl. US 28/95,1996-11-27,ConCo,ve veci Le Compte A-58
2-2469-15_1.txt,II. US 2469/15,2015-10-22,ConCo,3 Af 5/2012-97
3-102-15_1.txt,III. US 102/15,2015-11-26,ConCo,Vol 82/2006-51 ci Vol 6/2004-12
2-477-05_1.txt,II. US 477/05,2007-07-19,ConCo,6 As 42/2003 a 6 As 43/2003
1-2829-08_1.txt,I. US 2829/08,2008-12-01,ConCo,Nc 3309/2006
3-93-06_1.txt,III. US 93/06,2007-05-17,ConCo,2 Azs 134/2005-34 nebo 1 Azs 34/2004-49
4-2166-11_1.txt,IV. US 2166/11,2011-10-31,ConCo,Nao 67/2008-96 9 Afs 67/2008-96
4-2166-11_1.txt,IV. US 2166/11,2011-10-31,ConCo,a 9 Afs 61/2010-215
1-3242-16_1.txt,I. US 3242/16,2017-11-01,ConCo,rozsireneho senatu NSS 4 As 3/2008-78
4-2674-15_1.txt,IV. US 2674/15,2016-02-09,ConCo,78 Ad 64/2013-39
4-2674-15_1.txt,IV. US 2674/15,2016-02-09,ConCo,3 Ads 120/2015-8
2-3527-17_1.txt,II. US 3527/17,2018-08-14,ConCo,2 Afs 58/2007-58
2-3527-17_1.txt,II. US 3527/17,2018-08-14,ConCo,Konf 31/2007-91
1-3883-13_1.txt,I. US 3883/13,2014-05-22,ConCo,Vol 26/2013-16
1-3883-13_1.txt,I. US 3883/13,2014-05-22,ConCo,Vol 26/2013-63
1-3883-13_1.txt,I. US 3883/13,2014-05-22,ConCo,Vol 119/2013-5
2-3556-17_1.txt,II. US 3556/17,2017-12-05,ConCo,4 Az 4/2015-63
1-3930-14_1.txt,I. US 3930/14,2015-06-16,ConCo,2 Afs 144/2004-110
1-1545-18_1.txt,I. US 1545/18,2018-08-21,ConCo,5 Afs 76/2012-28 nebo 7 As 113/2013-24
1-3555-15_1.txt,I. US 3555/15,2016-04-20,ConCo,publ. pod c. 861/2001 SJS ci rozsudek NSS 2 Ads 16/2003-56
1-3555-15_1.txt,I. US 3555/15,2016-04-20,ConCo,rozsireneho senatu NSS 9 Afs 59/2007-56
1-379-99.txt,I. US 379/99,2001-01-16,ConCo,Nc 233/48
1-2819-07_2.txt,I. US 2819/07,2008-07-15,ConCo,3 As 52/2003-278
3-119-17_1.txt,III. US 119/17,2017-11-14,ConCo,7 Afs 36/2008-134 a rozsudek kasacniho soudu 4 Afs 105/2014-101
3-119-17_1.txt,III. US 119/17,2017-11-14,ConCo,ve veci resene Nejvyssim spravnim soudem rozsudkem 1 As 31/2008-41
4-302-02.txt,IV. US 302/02,2002-10-03,ConCo,Spr 3778/2000
2-126-14_1.txt,II. US 126/14,2017-06-08,ConCo,8 As 8/2011-68
1-3615-17_1.txt,I. US 3615/17,2018-01-23,ConCo,3 Ads 107/2017-28
1-3615-17_1.txt,I. US 3615/17,2018-01-23,ConCo,smerovala proti usneseni tehoz soudu 3 Ads 107/2017-28
1-3174-10_1.txt,I. US 3174/10,2010-11-22,ConCo,34 Cad 168/2008-36
4-3589-13_1.txt,IV. US 3589/13,2014-03-03,ConCo,8 As 75/13
4-881-18_2.txt,IV. US 881/18,2018-09-25,ConCo,2 Ans 1/2005-57
3-783-06_1.txt,III. US 783/06,2007-11-29,ConCo,Sst 2/2003-225
3-939-10_1.txt,III. US 939/10,2010-08-03,ConCo,16 Cad 173/2008
2-2985-16_1.txt,II. US 2985/16,2016-10-25,ConCo,1 Afs 121/2014-55
2-1466-12_1.txt,II. US 1466/12,2012-10-18,ConCo,8 Afs 1/2010 a 8 Afs 2/2010
2-2720-09_1.txt,II. US 2720/09,2009-12-15,ConCo,8 Afs 57/2008-62
2-1639-09_1.txt,II. US 1639/09,2009-07-07,ConCo,S 222/06-3113/2007/710
2-152-15_1.txt,II. US 152/15,2015-03-31,ConCo,60 Ad 19/2013
2-152-15_1.txt,II. US 152/15,2015-03-31,ConCo,60 Ad 19/2013-61
1-1144-16_1.txt,I. US 1144/16,2016-12-06,ConCo,ve svem judikatu 1 As 199/2014-81
1-1144-16_1.txt,I. US 1144/16,2016-12-06,ConCo,2 Afs 144/2004-110
4-3344-13_1.txt,IV. US 3344/13,2014-04-15,ConCo,31 Af 104/2011
4-3344-13_1.txt,IV. US 3344/13,2014-04-15,ConCo,31 Af 106/2011
3-1492-07_1.txt,III. US 1492/07,2008-01-23,ConCo,Nc 5257/2004-46
1-1477-07_1.txt,I. US 1477/07,2008-02-20,ConCo,59 Az 40/2006-22
1-2698-09_1.txt,I. US 2698/09,2009-11-30,ConCo,7 Afs 55/2008-221
1-505-12_1.txt,I. US 505/12,2012-03-28,ConCo,3 Ads 161/2003
1-1903-16_1.txt,I. US 1903/16,2016-06-21,ConCo,karneho senatu NSS 16 Kss 10/2013-84
2-3213-11_1.txt,II. US 3213/11,2012-04-26,ConCo,Spr 349/2011
1-277-05.txt,I. US 277/05,2006-03-21,ConCo,2 Afs 37/2005-89
2-22-17_2.txt,II. US 22/17,2017-08-08,ConCo,Nc 121/2013-242
4-3161-10_1.txt,IV. US 3161/10,2012-01-04,ConCo,10 Af 13/2010
4-3161-10_1.txt,IV. US 3161/10,2012-01-04,ConCo,10 Af 14/2010
2-2238-14_1.txt,II. US 2238/14,2015-01-27,ConCo,1 Afs 121/2014-55
2-443-08_1.txt,II. US 443/08,2010-04-22,ConCo,ve vecech 4 Afs 14/2003
2-443-08_1.txt,II. US 443/08,2010-04-22,ConCo,l Afs 9/2005
2-2877-08_1.txt,II. US 2877/08,2009-01-29,ConCo,3 Cad 43/2009-19
2-259-15_1.txt,II. US 259/15,2015-02-10,ConCo,1 Afs 121/2014-55
1-1916-16_1.txt,I. US 1916/16,2017-05-30,ConCo,stiznost proti rozsudku Nejvyssiho spravniho soudu 10 As 264/2015-46
4-655-02.txt,IV. US 655/02,2003-03-10,ConCo,Nc 16/2002
1-487-05.txt,I. US 487/05,2005-11-08,ConCo,oznacenym jako stiznost proti spisu 6 Ads 14/2004
2-411-04.txt,II. US 411/04,2004-10-12,ConCo,Nc 1269/99
1-1701-07_1.txt,I. US 1701/07,2010-01-28,ConCo,publikovane pod c. 1240/2007 Sb. NSS a tez rozhodnuti Nejvyssiho spravniho soudu 3 Ads 24/2008-119 nebo 3 Ads 29/2007-78
1-384-06_1.txt,I. US 384/06,2007-10-18,ConCo,34 Cad 32/2003-75
1-1044-08_1.txt,I. US 1044/08,2008-06-12,ConCo,1 As 1/2005-67
2-3140-10_1.txt,II. US 3140/10,2011-05-12,ConCo,c. j . 1 Ao 1/2009
Pl-26-14_1.txt,Pl. US 26/14,2016-01-19,ConCo,Vol 10/2013-50 a Vol 39/2013-51
1-1434-17_1.txt,I. US 1434/17,2018-06-11,ConCo,7 Afs 32/2013 a 7 Afs 34/2013
2-845-06_1.txt,II. US 845/06,2007-04-20,ConCo,41 Cad 93/2004
4-1038-13_1.txt,IV. US 1038/13,2013-05-21,ConCo,8 Ans 13/2012-17
3-898-06.txt,III. US 898/06,2007-02-28,ConCo,Spr 473/06
1-378-10_1.txt,I. US 378/10,2010-11-03,ConCo,2 Afs 144/2004-110
3-688-10_1.txt,III. US 688/10,2010-04-15,ConCo,Nc 186/2002-112
4-1680-16_1.txt,IV. US 1680/16,2016-08-30,ConCo,8 Azs 144/2015-30 nebo 4 Ans 4/2009-86
4-1680-16_1.txt,IV. US 1680/16,2016-08-30,ConCo,6 Ans 1/2004-70 a 6 As 129/2014-35
4-1653-16_1.txt,IV. US 1653/16,2016-08-09,ConCo,4 Afs 147/2014-26 nebo 2 Afs 24/2005-44
3-557-04.txt,III. US 557/04,2004-10-27,ConCo,7 Azs 83/2004-53
3-557-04.txt,III. US 557/04,2004-10-27,ConCo,24 Az 664/2003-28
Pl-37-06_1.txt,Pl. US 37/06,2007-07-12,ConCo,S 17/2004
2-2192-14_1.txt,II. US 2192/14,2014-10-06,ConCo,15 Af 157/2013-49
3-282-2000.txt,III. US 282/2000,2000-08-29,ConCo,Spr 1255/99
2-509-03.txt,II. US 509/03,2004-10-11,ConCo,Nc 269/2002
Pl-21-16_1.txt,Pl. US 21/16,2017-06-27,ConCo,1 As 6/2011-247
1-153-16_1.txt,I. US 153/16,2016-07-26,ConCo,ve veci Volesky proti Ceske republice
1-2928-10_1.txt,I. US 2928/10,2010-11-11,ConCo,1 Azs 9/ 2006-41
2-3489-15_1.txt,II. US 3489/15,2016-04-19,ConCo,ve veci Volesky proti Ceske republice
3-105-12_1.txt,III. US 105/12,2012-04-05,ConCo,stezovatele proti usneseni Mestskeho soudu v Praze 9 Af 16/2011-21
3-105-12_1.txt,III. US 105/12,2012-04-05,ConCo,9 Af 16/2011
3-105-12_1.txt,III. US 105/12,2012-04-05,ConCo,a proti usneseni Mestskeho soudu v Praze 9 Af 16/2011-21
3-105-12_1.txt,III. US 105/12,2012-04-05,ConCo,stiznost proti usneseni Mestskeho soudu v Praze 9 Af 16/2011-21
2-1902-07_1.txt,II. US 1902/07,2009-04-02,ConCo,3 Ads 68/2008-80 a 3 Ads 112/2008-40
4-105-04.txt,IV. US 105/04,2004-12-21,ConCo,4 Afs 13/2003-81
4-105-04.txt,IV. US 105/04,2004-12-21,ConCo,4 Afs 11/2003-79
3-3964-13_1.txt,III. US 3964/13,2014-09-09,ConCo,16 Cad 42/2009-46
1-1539-10_1.txt,I. US 1539/10,2010-08-11,ConCo,3 As 22/2008-171
2-559-03.txt,II. US 559/03,2004-06-03,ConCo,6 Az 68/2003
2-559-03.txt,II. US 559/03,2004-06-03,ConCo,7 Azs 5/2003
2-559-03.txt,II. US 559/03,2004-06-03,ConCo,6 Az 68/2003-30
2-559-03.txt,II. US 559/03,2004-06-03,ConCo,7 Azs 5/2003-51
2-2501-14_1.txt,II. US 2501/14,2014-09-30,ConCo,7 Afs 23/2012 a 7 Afs 48/2012
2-2501-14_1.txt,II. US 2501/14,2014-09-30,ConCo,22 Af 2/2013-275
2-3257-17_1.txt,II. US 3257/17,2017-12-19,ConCo,3 As 13/2016-49 a 4 As 114/2016-43
4-2612-09_1.txt,IV. US 2612/09,2010-01-18,ConCo,32 Cad 18/2006
3-2152-07_1.txt,III. US 2152/07,2008-07-17,ConCo,2 Afs 181/2005-53
1-2605-10_1.txt,I. US 2605/10,2010-12-15,ConCo,4 Cad 121/2008-35
1-2605-10_1.txt,I. US 2605/10,2010-12-15,ConCo,c. j . 6 Ads 176/2009-69
4-39-17_1.txt,IV. US 39/17,2017-02-07,ConCo,20 Ad 7/2014-32
3-1410-14_1.txt,III. US 1410/14,2014-05-07,ConCo,5 Azs 46/2008-76
3-1388-11_1.txt,III. US 1388/11,2011-08-17,ConCo,22 Cad 177/2005-297
3-274-97.txt,III. US 274/97,1997-10-30,ConCo,U S sv. 1
2-332-2000.txt,II. US 332/2000,2002-05-28,ConCo,1999 pod Spr 1949/99
4-1868-11_1.txt,IV. US 1868/11,2011-10-06,ConCo,stezovatelky proti usneseni Mestskeho soudu v Praze 2 Ad 33/2010-13
2-1851-12_1.txt,II. US 1851/12,2012-10-18,ConCo,30 Af 34/2010-78
4-160-12_1.txt,IV. US 160/12,2012-01-31,ConCo,smerujici proti usneseni Nejvyssiho spravniho soudu 2 Azs 24/2011-45
4-160-12_1.txt,IV. US 160/12,2012-01-31,ConCo,61 Az 17/2009-20
2-1660-14_1.txt,II. US 1660/14,2014-10-03,ConCo,15 Af 70/2012-30
3-17-98.txt,III. US 17/98,1998-10-22,ConCo,-Nc 1606/96
3-17-98.txt,III. US 17/98,1998-10-22,ConCo,Nc 1606/96
2-2732-15_1.txt,II. US 2732/15,2016-01-12,ConCo,8 As 17/2007
3-506-13_1.txt,III. US 506/13,2014-04-17,ConCo,3 Afs 20/2003-23
3-673-06.txt,III. US 673/06,2007-03-22,ConCo,Nc 3177/2003-33
2-1637-14_1.txt,II. US 1637/14,2014-07-08,ConCo,63 Az 9/2012
2-1637-14_1.txt,II. US 1637/14,2014-07-08,ConCo,63 Az 9/2012-30
2-2210-18_1.txt,II. US 2210/18,2018-09-24,ConCo,Nc 2168/2005-4
1-3229-11_1.txt,I. US 3229/11,2011-11-22,ConCo,57 Af 23/2010-50
4-3-05_1.txt,IV. US 3/05,2007-06-12,ConCo,Nc 2838/2004-13
1-617-08_1.txt,I. US 617/08,2009-02-24,ConCo,Nc 59/49
3-2493-14_1.txt,III. US 2493/14,2014-11-06,ConCo,rozhodnuti ESLP ve veci Volesky proti Ceske republice Prehled rozsudku ESLP c. 5/2004
1-435-05.txt,I. US 435/05,2006-01-24,ConCo,S 3401/2004-62
2-3765-11_2.txt,II. US 3765/11,2012-03-13,ConCo,ve veci Volesky proti Ceske republice
1-782-16_1.txt,I. US 782/16,2016-04-11,ConCo,rozsireneho senatu NSS 9 Afs 59/2007-56
1-1325-15_1.txt,I. US 1325/15,2015-09-02,ConCo,stiznost proti usneseni 1 Afs 76/2013-57
1-1325-15_1.txt,I. US 1325/15,2015-09-02,ConCo,stiznost proti rozsudku 1 Afs 94/2012-28
2-156-06_1.txt,II. US 156/06,2008-03-06,ConCo,2 Ads 68/2003 ci 6 Ads 62/2003
1-1966-08_1.txt,I. US 1966/08,2011-05-24,ConCo,2 Afs 183/2005-65
1-2082-09_1.txt,I. US 2082/09,2010-03-15,ConCo,8 Afs 3/2009-101
3-877-06_1.txt,III. US 877/06,2007-10-22,ConCo,1 As 2/2007-73. Rozsireny senat Nejvyssiho soudu s ohledem na judikaturu Ustavniho soudu a Evropskeho soudu pro lidska prava ve veci Kilian proti Ceske republice (stiznost c. 48309/99
4-136-05.txt,IV. US 136/05,2005-06-08,ConCo,7 Ads 37/2003-186
2-572-03.txt,II. US 572/03,2004-03-16,ConCo,10 Az 41/2003
2-572-03.txt,II. US 572/03,2004-03-16,ConCo,10 Az 41/2003-18
2-572-03.txt,II. US 572/03,2004-03-16,ConCo,2 Asz 14/2003-43
2-2691-09_1.txt,II. US 2691/09,2010-01-06,ConCo,8 Ao 1/2009-145
1-658-11_1.txt,I. US 658/11,2011-07-14,ConCo,31 Af 72/2010-178
1-740-15_1.txt,I. US 740/15,2017-06-27,ConCo,8 As 8/2011-68
2-364-06.txt,II. US 364/06,2006-11-08,ConCo,2 Afs 112/2005 a 2 Afs 113/2005
2-3720-10_1.txt,II. US 3720/10,2011-01-10,ConCo,4 Ans 9/2007-97
3-429-2000.txt,III. US 429/2000,2001-04-19,ConCo,RVV-802/99 Na 13-99/1
1-2306-09_1.txt,I. US 2306/09,2009-10-07,ConCo,1 Cad 14/2005
1-2306-09_1.txt,I. US 2306/09,2009-10-07,ConCo,4 Cad 110/2006-47
1-1152-14_1.txt,I. US 1152/14,2014-09-01,ConCo,15 Af 67/2012-69
1-1152-14_1.txt,I. US 1152/14,2014-09-01,ConCo,15 Af 14/2013-45
1-1152-14_1.txt,I. US 1152/14,2014-09-01,ConCo,15 Af 13/2013-39
1-1152-14_1.txt,I. US 1152/14,2014-09-01,ConCo,15 Af 294/2012-36
1-1152-14_1.txt,I. US 1152/14,2014-09-01,ConCo,15 Af 107/2013-44
1-1152-14_1.txt,I. US 1152/14,2014-09-01,ConCo,1 Afs 109/2013 a 1 Afs 110/2013
3-2228-15_1.txt,III. US 2228/15,2017-03-28,ConCo,5 Afs 48/2007-172
4-2863-17_1.txt,IV. US 2863/17,2017-10-24,ConCo,22 Af 9/2017-84
1-1140-14_1.txt,I. US 1140/14,2014-05-15,ConCo,29 Af 23/2013-25
3-251-04.txt,III. US 251/04,2004-08-26,ConCo,3 Afs 26/2003-56
3-251-04.txt,III. US 251/04,2004-08-26,ConCo,3 Afs 30/2003-68
3-3551-11_1.txt,III. US 3551/11,2011-12-19,ConCo,2 As 41/2008-77 a 7 As 43/2009-52
4-1032-12_1.txt,IV. US 1032/12,2012-07-24,ConCo,33 Cad 101/2009-32
Pl-35-11_1.txt,Pl. US 35/11,2014-05-13,ConCo,9 As 4/2007-68
2-1867-14_1.txt,II. US 1867/14,2017-05-30,ConCo,ve veci Tupperware 7 Afs 7/2008-200
1-735-05.txt,I. US 735/05,2006-07-11,ConCo,47 Az 788/2003-26
2-3337-14_1.txt,II. US 3337/14,2014-11-11,ConCo,36 Ad 60/2013-25
3-559-03.txt,III. US 559/03,2004-03-11,ConCo,3 Azs 8/2003-46
3-141-05.txt,III. US 141/05,2005-10-20,ConCo,7 Ads 22/2003-203
1-219-04.txt,I. US 219/04,2005-12-13,ConCo,Nc 1102/2003-14
4-41-10_1.txt,IV. US 41/10,2010-06-18,ConCo,9 As 67/2007-37
2-2097-15_1.txt,II. US 2097/15,2015-08-31,ConCo,9 Ad 10/2014-27
1-229-12_1.txt,I. US 229/12,2012-03-28,ConCo,6 Ads 121/2011-117
2-3284-14_1.txt,II. US 3284/14,2015-01-27,ConCo,1 Afs 121/2014-55
1-178-03.txt,I. US 178/03,2003-06-26,ConCo,Spr 2302/2002
1-178-03.txt,I. US 178/03,2003-06-26,ConCo,Spr 2575/2002
3-319-07_1.txt,III. US 319/07,2007-11-29,ConCo,Sst 2/2003-225
4-4180-12_1.txt,IV. US 4180/12,2013-05-15,ConCo,52 Ad 14/2010-33
1-1933-15_1.txt,I. US 1933/15,2015-09-02,ConCo,stiznost proti usneseni 1 Afs 76/2013-57
1-2439-10_1.txt,I. US 2439/10,2010-09-06,ConCo,8 As 57/2009-488
1-1831-11_1.txt,I. US 1831/11,2013-06-26,ConCo,2 Ans 1/2005-57
1-1831-11_1.txt,I. US 1831/11,2013-06-26,ConCo,7 Afs 45/2007-251. NSS
1-1673-07_1.txt,I. US 1673/07,2007-08-09,ConCo,Nc 4094/2002-41
1-2420-13_1.txt,I. US 2420/13,2014-01-09,ConCo,8 Afs 37/2006-127
2-3690-10_2.txt,II. US 3690/10,2011-12-13,ConCo,2 Afs 127/2008-127 a 2 Afs 126/2008-156
2-13-95.txt,II. US 13/95,1995-04-20,ConCo,Nc 463/94-5
1-1417-13_1.txt,I. US 1417/13,2013-08-26,ConCo,42 Ad 19/2011-73
Pl-44-10_1.txt,Pl. US 44/10,2012-11-13,ConCo,5 Afs 110/2008-124
Pl-44-10_1.txt,Pl. US 44/10,2012-11-13,ConCo,30 Af 85/2010
Pl-44-10_1.txt,Pl. US 44/10,2012-11-13,ConCo,30 Af 85/2010-144
2-4146-16_1.txt,II. US 4146/16,2017-01-10,ConCo,6 Af 52/2013-42
2-4146-16_1.txt,II. US 4146/16,2017-01-10,ConCo,9 Af 3/2013-56
2-2879-12_1.txt,II. US 2879/12,2012-08-07,ConCo,1 As 61/2012-9
1-2936-11_1.txt,I. US 2936/11,2011-12-20,ConCo,sp. tn. 6 Ads 176/09
1-2936-11_1.txt,I. US 2936/11,2011-12-20,ConCo,4 Cad 121/2008-35
3-2688-08_1.txt,III. US 2688/08,2008-11-24,ConCo,Nc 6861/2004
4-244-02.txt,IV. US 244/02,2002-06-28,ConCo,Na 148/2001-37
1-3650-16_1.txt,I. US 3650/16,2017-04-05,ConCo,8 Afs 78/06
3-153-17_1.txt,III. US 153/17,2017-01-31,ConCo,: 7 As 158/2016-69
2-453-2000.txt,II. US 453/2000,2000-10-25,ConCo,Nc 2315/96
4-1536-14_1.txt,IV. US 1536/14,2014-07-08,ConCo,22 Af 16/2010-88
1-919-09_1.txt,I. US 919/09,2012-05-29,ConCo,3 As 40/2008 a usneseni Mestskeho soudu v Praze
2-2870-11_1.txt,II. US 2870/11,2012-02-14,ConCo,22 Af 86/2010-9
2-613-06_1.txt,II. US 613/06,2008-09-04,ConCo,12 Cad 35/2004
3-2621-10_1.txt,III. US 2621/10,2011-01-26,ConCo,rozhodnuti ESLP ve veci Volesky proti Ceske republice Prehled rozsudku ESLP c. 5/2004
1-566-06.txt,I. US 566/06,2007-02-13,ConCo,Spr 3277/2003
1-566-06.txt,I. US 566/06,2007-02-13,ConCo,Spr 1087/2004
2-3505-15_1.txt,II. US 3505/15,2016-02-17,ConCo,31 Af 53/2013-78
2-431-11_1.txt,II. US 431/11,2012-03-07,ConCo,8 Afs 46/2009-46
2-431-11_1.txt,II. US 431/11,2012-03-07,ConCo,2 Afs 57/2007-100
2-431-11_1.txt,II. US 431/11,2012-03-07,ConCo,ve veci 2 Aps 2/2009
2-431-11_1.txt,II. US 431/11,2012-03-07,ConCo,ve veci 2 Afs 180/2004-44
3-24-05.txt,III. US 24/05,2005-11-24,ConCo,Sst 2/2003-225
1-3600-10_1.txt,I. US 3600/10,2011-02-08,ConCo,7 Afs 92/2006 a 1 Afs 10/2006
1-62-06_1.txt,I. US 62/06,2006-10-24,ConCo,38 Cad 31/2005
3-312-95.txt,III. US 312/95,1996-02-14,ConCo,IV. S 113/94
1-2637-17_1.txt,I. US 2637/17,2018-01-23,ConCo,rozsudek 8 As 72/2015-67
1-2637-17_1.txt,I. US 2637/17,2018-01-23,ConCo,rozsudek 10 As 197/2016-25
4-3137-15_1.txt,IV. US 3137/15,2016-05-10,ConCo,1 Ans 5/2008-104.
4-1496-09_1.txt,IV. US 1496/09,2009-07-29,ConCo,Nc 33/96
2-807-07_1.txt,II. US 807/07,2007-11-21,ConCo,3 Ads 22/2004-84
3-401-03.txt,III. US 401/03,2004-03-18,ConCo,Nc 2192/2002-99
3-401-03.txt,III. US 401/03,2004-03-18,ConCo,Nc 2192/2002-92
2-2076-11_1.txt,II. US 2076/11,2011-10-18,ConCo,da?oveho radu rozsudkem NSS 7 Afs 20/2011
1-3001-07_1.txt,I. US 3001/07,2008-08-25,ConCo,3 Afs 23/2002-82
1-1534-08_1.txt,I. US 1534/08,2008-12-17,ConCo,9 As 64/2007-101
2-1947-09_1.txt,II. US 1947/09,2009-09-22,ConCo,22 Cad 141/2008-61
2-1947-09_1.txt,II. US 1947/09,2009-09-22,ConCo,22 Cad 142/2008-54
St-37-13_1.txt,Pl. US-st. 37/13,2013-08-13,ConCo,4 Azs 10/2010-110
1-2482-08_1.txt,I. US 2482/08,2011-04-07,ConCo,6 Azs 2 2/2004-42
1-3440-10_1.txt,I. US 3440/10,2010-12-14,ConCo,4 Ans 9/2007-97
1-3229-09_1.txt,I. US 3229/09,2010-09-06,ConCo,3 As 38/2008-97
1-3043-07_1.txt,I. US 3043/07,2008-01-14,ConCo,Nc 4833/2003
4-1159-17_1.txt,IV. US 1159/17,2017-07-11,ConCo,8 As 53/2013-37 nebo 6 As 25/2013-25
2-186-05.txt,II. US 186/05,2005-08-08,ConCo,6 Azs 10/2003 in Sb.NSS 2004
1-304-05.txt,I. US 304/05,2007-02-20,ConCo,Nc 1052/97
4-455-01.txt,IV. US 455/01,2002-04-22,ConCo,Nc 277/2000
2-423-06_1.txt,II. US 423/06,2007-07-26,ConCo,3 Afs 20/2003
1-819-07_1.txt,I. US 819/07,2007-10-22,ConCo,rozsireneho senatu NSS 2 Afs 81/2004-54
1-3546-11_1.txt,I. US 3546/11,2012-04-24,ConCo,22 Af 86/2011-106
4-797-06_1.txt,IV. US 797/06,2007-09-19,ConCo,Nc 3835/2003-15
4-675-15_1.txt,IV. US 675/15,2015-07-09,ConCo,52 Af 52/2013
4-675-15_1.txt,IV. US 675/15,2015-07-09,ConCo,52 Af 55/2013
4-675-15_1.txt,IV. US 675/15,2015-07-09,ConCo,52 Af 62/2013
4-675-15_1.txt,IV. US 675/15,2015-07-09,ConCo,52 Af 64/2013
1-655-03.txt,I. US 655/03,2005-07-19,ConCo,59 Az 125/2003-19
1-655-03.txt,I. US 655/03,2005-07-19,ConCo,7 Azs 11/2003-43
2-1464-07_1.txt,II. US 1464/07,2009-04-21,ConCo,2 Afs 52/2005 a 2 Afs 69/2004
1-213-06.txt,I. US 213/06,2006-04-27,ConCo,Nc 4/2006-19
1-374-06_1.txt,I. US 374/06,2009-01-15,ConCo,ve veci vedene u NSS pod 7 Afs 149/2004
1-374-06_1.txt,I. US 374/06,2009-01-15,ConCo,2 Afs 200/2004 a 2 Afs 201/2004
1-640-04.txt,I. US 640/04,2005-02-22,ConCo,3 Azs 122/2004-39
1-640-04.txt,I. US 640/04,2005-02-22,ConCo,3 Azs 122/2004
4-1087-10_2.txt,IV. US 1087/10,2010-08-02,ConCo,8 As 57/2009-488
1-1561-07_1.txt,I. US 1561/07,2007-10-25,ConCo,8 As 10/2005 – SJS 1046/2007
4-1856-16_1.txt,IV. US 1856/16,2017-03-23,ConCo,10 Afs 18/2015 pod bodem 13
3-249-07.txt,III. US 249/07,2007-02-16,ConCo,Nc 1601/2003
1-2483-12_1.txt,I. US 2483/12,2012-09-11,ConCo,Nc 60/98-34
1-3158-17_1.txt,I. US 3158/17,2018-05-15,ConCo,3 Afs 20/2003-23
1-1408-14_1.txt,I. US 1408/14,2014-09-01,ConCo,10 Af 619/2012-46
1-2617-15_1.txt,I. US 2617/15,2016-09-05,ConCo,ve veci Oleksandr Volkov proti Ukrajine
4-784-06.txt,IV. US 784/06,2007-02-28,ConCo,2 Cad 109/2006
4-784-06.txt,IV. US 784/06,2007-02-28,ConCo,2 Cad 109/2006-39
4-784-06.txt,IV. US 784/06,2007-02-28,ConCo,2 Cad 109/2006-44
4-1907-07_1.txt,IV. US 1907/07,2007-08-21,ConCo,4 Ads 81/2005-76
1-2517-11_1.txt,I. US 2517/11,2013-03-05,ConCo,O As 30/2009-163
1-1822-14_1.txt,I. US 1822/14,2015-04-09,ConCo,ve veci Volf proti Ceske republice
1-4022-14_1.txt,I. US 4022/14,2015-02-24,ConCo,citovany rozsudek NSS 2 Afs 101/2005-39
2-1454-18_1.txt,II. US 1454/18,2018-09-05,ConCo,8 As 17/2007-135
3-509-05.txt,III. US 509/05,2005-10-20,ConCo,28 Az 14/2004 vedeneho u Krajskeho soudu v Hradci Kralove
2-261-15_1.txt,II. US 261/15,2015-03-17,ConCo,15 Af 212/2012-61
1-3057-07_1.txt,I. US 3057/07,2011-09-01,ConCo,8 Afs 46/2009-46
Pl-6-05.txt,Pl. US 6/05,2005-12-13,ConCo,5 Afs 29/2004-74
3-1262-10_1.txt,III. US 1262/10,2012-08-23,ConCo,22 Cad 158/2007
1-628-99.txt,I. US 628/99,2000-02-21,ConCo,Ca 79/99
1-492-12_1.txt,I. US 492/12,2012-04-04,ConCo,29 Af 4/2010-43
1-1104-16_1.txt,I. US 1104/16,2017-01-10,ConCo,7 Ads 297/2015-15
1-2021-12_1.txt,I. US 2021/12,2012-10-23,ConCo,4 Ad 16/2011-23
4-1469-17_1.txt,IV. US 1469/17,2017-06-13,ConCo,1 Afs 38/2004-140
2-1566-15_1.txt,II. US 1566/15,2016-01-26,ConCo,ve vecech Matratzen Concord GmbH proti OHIM a Volkswagen AG proti OHIM
4-74-2000.txt,IV. US 74/2000,2000-03-14,ConCo,S 78/99150/1723/99-Hm
4-74-2000.txt,IV. US 74/2000,2000-03-14,ConCo,S 110/99150/2472/99-Hm
2-591-01.txt,II. US 591/01,2001-11-12,ConCo,Nc 2144/2000
2-624-11_2.txt,II. US 624/11,2013-08-08,ConCo,9 Afs 38/2008-116 a 9 Afs 39/2008-117
2-624-11_2.txt,II. US 624/11,2013-08-08,ConCo,9 Afs 63/2010-225 a 9 Afs 62/2010-225
1-629-10_1.txt,I. US 629/10,2010-08-24,ConCo,9 Afs 55/2009-50
1-1783-10_2.txt,I. US 1783/10,2010-11-16,ConCo,2 Ans 9/2008-55 a 2 Ans 10/2008-54
1-1783-10_2.txt,I. US 1783/10,2010-11-16,ConCo,8 Ans 4/2006-67
1-1783-10_2.txt,I. US 1783/10,2010-11-16,ConCo,2 Ans 8/2008-52 a 2 Ans 10/2008-54
3-500-04.txt,III. US 500/04,2004-10-04,ConCo,Spr 3018/2004
4-1566-17_1.txt,IV. US 1566/17,2017-08-02,ConCo,1 Afs 76/2013-56
3-778-07_1.txt,III. US 778/07,2007-10-31,ConCo,2 Azs 47/2003
4-391-07_1.txt,IV. US 391/07,2007-08-07,ConCo,90 Spr 1764/2006-4
4-391-07_1.txt,IV. US 391/07,2007-08-07,ConCo,ve veci Volesky proti Ceske republice c. 63627/00
2-2608-15_1.txt,II. US 2608/15,2015-10-20,ConCo,62 Af 1/2013-154
4-228-06_2.txt,IV. US 228/06,2008-03-11,ConCo,3 Ads 15/2003-39
3-924-06_1.txt,III. US 924/06,2007-11-29,ConCo,Sst 2/2003-225
4-1279-14_1.txt,IV. US 1279/14,2014-07-08,ConCo,15 Af 282/2012
4-1279-14_1.txt,IV. US 1279/14,2014-07-08,ConCo,15 Af 394/2012
4-1279-14_1.txt,IV. US 1279/14,2014-07-08,ConCo,15 Af 25/2013
4-881-14_1.txt,IV. US 881/14,2015-02-03,ConCo,4 Ads 12/2009-83
4-881-14_1.txt,IV. US 881/14,2015-02-03,ConCo,rozsudek 6 Ads 129/2009-74
4-881-14_1.txt,IV. US 881/14,2015-02-03,ConCo,rozsudek 6 Ads 33/2012-54
4-881-14_1.txt,IV. US 881/14,2015-02-03,ConCo,rozsudek 4 Ads 8/2013-31
4-881-14_1.txt,IV. US 881/14,2015-02-03,ConCo,33 Cad 87/2006
4-881-14_1.txt,IV. US 881/14,2015-02-03,ConCo,33 Cad 87/2006-84
2-1656-17_1.txt,II. US 1656/17,2017-10-17,ConCo,22 Af 128/2014-39
4-457-11_1.txt,IV. US 457/11,2011-03-15,ConCo,Spr 3558/2010
Pl-69-06_2.txt,Pl. US 69/06,2008-01-29,ConCo,2 As 53/2004-76 a 1 Afs 127/2005-105
3-303-2000.txt,III. US 303/2000,2000-08-15,ConCo,Spr 121/99
3-303-2000.txt,III. US 303/2000,2000-08-15,ConCo,Spr 82/99 a Spr 118/98
1-57-05.txt,I. US 57/05,2005-08-04,ConCo,3 As 35/2003-65
1-56-04.txt,I. US 56/04,2004-02-25,ConCo,7 Ads 17/2003-70
2-3625-14_1.txt,II. US 3625/14,2015-08-11,ConCo,As 153/2013-25
4-331-05.txt,IV. US 331/05,2006-02-27,ConCo,Nc 1561/2002
2-557-05.txt,II. US 557/05,2006-02-02,ConCo,Nc 1764/2003
3-265-06.txt,III. US 265/06,2006-05-23,ConCo,60 Az 179/2004-17
4-3753-12_1.txt,IV. US 3753/12,2012-11-28,ConCo,3 As 61/2012-20
3-236-99.txt,III. US 236/99,2000-01-13,ConCo,Rs 16 a 73/92-12
1-643-15_1.txt,I. US 643/15,2015-03-26,ConCo,rozsireneho senatu NSS 9 Afs 59/2007-56
4-2331-11_1.txt,IV. US 2331/11,2012-03-19,ConCo,rozsireneho senatu NSS 7 Afs 36/2008-134
2-251-08_1.txt,II. US 251/08,2008-10-09,ConCo,8 Afs 41/2003 a 8 Afs 43/2003
Pl-72-04.txt,Pl. US 72/04,2005-01-27,ConCo,2004 pod 2 Ads 2/2004-36
2-835-09_2.txt,II. US 835/09,2009-06-25,ConCo,1 Afs 42/S2007-55
2-808-13_2.txt,II. US 808/13,2015-05-19,ConCo,8 As 25/2009-66
1-4069-14_1.txt,I. US 4069/14,2015-06-01,ConCo,viz usneseni NSS 9 As 40/2014-28
1-2334-16_1.txt,I. US 2334/16,2017-01-03,ConCo,usneseni 3 Azs 259/2014-26
1-2334-16_1.txt,I. US 2334/16,2017-01-03,ConCo,usneseni 2 Azs 194/2015-28
1-2334-16_1.txt,I. US 2334/16,2017-01-03,ConCo,usneseni 8 Azs 131/2015-24
Pl-28-12_1.txt,Pl. US 28/12,2013-04-23,ConCo,publ. pod c. 1895/2009 SbNSS ci rozsudek NSS 9 Afs 17/2010-101
2-558-04.txt,II. US 558/04,2004-12-15,ConCo,10 Az 114/2003
2-558-04.txt,II. US 558/04,2004-12-15,ConCo,10 Az 114/2003-21
4-2747-14_1.txt,IV. US 2747/14,2015-09-09,ConCo,1 Afs 148/2005-45
4-2747-14_1.txt,IV. US 2747/14,2015-09-09,ConCo,nebo 7 Afs 17/2009-68
1-307-03.txt,I. US 307/03,2004-09-23,ConCo,Nc 281/2003-434
4-485-05.txt,IV. US 485/05,2005-10-26,ConCo,54 Cad 31/2005
1-528-04.txt,I. US 528/04,2005-03-31,ConCo,6 Azs 55/2003-102
1-528-04.txt,I. US 528/04,2005-03-31,ConCo,5 Az 73/2003
1-1854-07_2.txt,I. US 1854/07,2007-10-02,ConCo,c.j Nao 20/2007-3
2-3313-16_1.txt,II. US 3313/16,2017-06-13,ConCo,1 As 198/2014-84
1-2844-15_1.txt,I. US 2844/15,2015-11-19,ConCo,7 As 130/2015-21 a proti usneseni Krajskeho soudu v Usti nad Labem-pobocky v Liberci
3-2869-11_1.txt,III. US 2869/11,2011-11-16,ConCo,22 Af 77/2010-9
1-3751-13_1.txt,I. US 3751/13,2014-01-30,ConCo,18 Ad 50/2011-144
4-1921-17_2.txt,IV. US 1921/17,2017-11-21,ConCo,ve veci Volesky proti Ceske republice
Pl-14-06.txt,Pl. US 14/06,2006-12-07,ConCo,4 As 47/2003-39
2-1125-09_2.txt,II. US 1125/09,2010-03-11,ConCo,Nc 561/2003-83
1-2415-15_1.txt,I. US 2415/15,2015-08-18,ConCo,1 Afs 121/2014-55
1-98-02.txt,I. US 98/02,2002-08-14,ConCo,Nao 115/2000
3-206-94.txt,III. US 206/94,1995-03-22,ConCo,III. S 206/94
1-433-04.txt,I. US 433/04,2004-11-22,ConCo,59 Az 520/2003
1-433-04.txt,I. US 433/04,2004-11-22,ConCo,3 Azs 12/2003
1-433-04.txt,I. US 433/04,2004-11-22,ConCo,59 Az 520/2003 a rozsudek NSS
1-369-07_1.txt,I. US 369/07,2007-10-09,ConCo,22 Cad 165/2005-13
1-685-11_1.txt,I. US 685/11,2011-03-29,ConCo,10 Na 952/2010-33
1-685-11_1.txt,I. US 685/11,2011-03-29,ConCo,10 Na 952/2010-9
2-2038-17_1.txt,II. US 2038/17,2017-08-15,ConCo,argumentaci usneseni NSS 2 As 103/2015-157
1-266-11_1.txt,I. US 266/11,2011-03-08,ConCo,10 Afs 43/2010-93
2-1261-17_1.txt,II. US 1261/17,2017-09-19,ConCo,1 Ads 272/2016-19
4-3583-14_1.txt,IV. US 3583/14,2015-05-26,ConCo,Nc 179/2013-25
4-1783-07_1.txt,IV. US 1783/07,2009-02-16,ConCo,2009 pod 42 Cad 144/2007-36
2-246-04.txt,II. US 246/04,2004-07-27,ConCo,42 Cad 5/2004
1-1298-09_1.txt,I. US 1298/09,2009-08-05,ConCo,2 Afs 61/2005-58
3-2983-17_1.txt,III. US 2983/17,2017-11-21,ConCo,a 4 As 253/2016-45
2-91-05.txt,II. US 91/05,2005-06-09,ConCo,Nc 751/2004
1-3090-11_1.txt,I. US 3090/11,2012-01-24,ConCo,KSPH 55 INS 851/2009-A-3
Pl-2-17_1.txt,Pl. US 2/17,2017-07-18,ConCo,2 Afs 144/2004-110
Pl-2-17_1.txt,Pl. US 2/17,2017-07-18,ConCo,6 As 113/2017-82
1-1556-10_1.txt,I. US 1556/10,2010-07-20,ConCo,ve veci 1 As 70/2008
1-2015-14_1.txt,I. US 2015/14,2014-07-07,ConCo,ve veci 2 Afs 68/2012
Pl-33-09_1.txt,Pl. US 33/09,2010-09-29,ConCo,F. Disciplinary Proceedings and the Right to Fair Criminal Trial under the European Convetion on Human Rights. The International and Comparative Law Quarterly. Vol. 36
3-283-06.txt,III. US 283/06,2006-05-11,ConCo,Nc 8306/2004-11
3-283-06.txt,III. US 283/06,2006-05-11,ConCo,Nc 8306/2004-5
1-839-17_1.txt,I. US 839/17,2017-11-28,ConCo,1 As 63/2011-97
1-3304-13_2.txt,I. US 3304/13,2014-02-19,ConCo,European Court of Human Rights. The International Journal of Human Rights Volume 15
2-900-18_1.txt,II. US 900/18,2018-09-18,ConCo,10 Af 53/2014
1-2543-09_1.txt,I. US 2543/09,2010-05-06,ConCo,1 Ans 1/2003-50 a 1 Ans 5/2008-104
1-2543-09_1.txt,I. US 2543/09,2010-05-06,ConCo,viz rozsudek NSS 1 Afs 16/2004-90
4-2413-17_1.txt,IV. US 2413/17,2017-09-25,ConCo,3 Afs 20/2003-23
2-590-08_1.txt,II. US 590/08,2008-06-17,ConCo,Ch. von: The Common European Law of Torts. Volume One. Clarendon Press Oxford 1998 str. 571
2-2480-18_1.txt,II. US 2480/18,2018-08-03,ConCo,8 Af 31/2013-63
4-2902-09_1.txt,IV. US 2902/09,2010-01-11,ConCo,53 Cad 7/2008-53
4-2902-09_1.txt,IV. US 2902/09,2010-01-11,ConCo,53 Cad 7/2008-29
2-91-18_1.txt,II. US 91/18,2018-02-20,ConCo,ci ve veci Volesky proti Ceske republice
1-234-03.txt,I. US 234/03,2003-09-05,ConCo,Spr 43/03
1-955-15_2.txt,I. US 955/15,2017-03-14,ConCo,ve veci Volesky proti Ceske republice
1-1487-09_1.txt,I. US 1487/09,2009-07-16,ConCo,38 Cad 9/2006
2-380-04.txt,II. US 380/04,2005-02-10,ConCo,Nc 561/2003-3
4-263-18_1.txt,IV. US 263/18,2018-02-27,ConCo,7 Afs 4/2017-30
2-380-08_1.txt,II. US 380/08,2012-04-10,ConCo,Nc 12/45
4-1353-09_1.txt,IV. US 1353/09,2009-06-22,ConCo,3 Afs 20/2003
2-307-14_1.txt,II. US 307/14,2014-03-11,ConCo,10 Af 543/2012-34
3-1903-11_1.txt,III. US 1903/11,2012-01-31,ConCo,10 Af 71/2010-41
2-3007-15_1.txt,II. US 3007/15,2015-12-08,ConCo,30 Af 5/2014-44
1-196-05.txt,I. US 196/05,2005-09-27,ConCo,5 Az 199/2003-23
2-668-17_1.txt,II. US 668/17,2017-04-04,ConCo,34 Ad 30/2014-25
1-3670-15_1.txt,I. US 3670/15,2016-02-02,ConCo,9 Afs 194/2015-24 a proti usneseni Krajskeho soudu v Usti nad Labem-pobocky v Liberci
1-1188-11_1.txt,I. US 1188/11,2011-06-22,ConCo,10 Af 45/2010-43
2-318-06.txt,II. US 318/06,2006-06-06,ConCo,Nc 126/2005-118
2-3676-10_1.txt,II. US 3676/10,2011-05-26,ConCo,4 Cad 138/2008
3-175-17_2.txt,III. US 175/17,2017-01-31,ConCo,1 Azs 200/2014-29
3-280-05.txt,III. US 280/05,2005-08-04,ConCo,2 Cad 27/2004-48
2-3867-14_1.txt,II. US 3867/14,2014-12-12,ConCo,31 Af 42/2013-81
1-398-08_1.txt,I. US 398/08,2008-05-14,ConCo,Ustavni stiznosti broji stezovatelka proti rozsudku Nejvyssiho spravniho soudu 6 Ads 144/2007-127
1-398-08_1.txt,I. US 398/08,2008-05-14,ConCo,2007 a proti usneseni Mestskeho soudu v Praze 1 Cad 67/2006-77
4-2328-07_1.txt,IV. US 2328/07,2008-01-07,ConCo,Aprk 6/2006-30
1-1252-13_1.txt,I. US 1252/13,2013-06-18,ConCo,36 Ad 6/2010-34
3-2357-07_1.txt,III. US 2357/07,2007-10-17,ConCo,Nc 8498/2003
2-905-15_1.txt,II. US 905/15,2015-05-27,ConCo,22 Af 113/2011-81
1-2332-08_1.txt,I. US 2332/08,2008-11-18,ConCo,29 Az 40/2007-69
3-640-13_1.txt,III. US 640/13,2014-10-30,ConCo,nebo Aprk 8/2012-57
2-35-05.txt,II. US 35/05,2005-12-20,ConCo,Sst 2/2003-225
1-3345-10_1.txt,I. US 3345/10,2010-12-01,ConCo,3 Cad 62/2007-99
1-756-06_1.txt,I. US 756/06,2008-01-08,ConCo,stiznost proti Usneseni Nejvyssiho spravniho soudu 6 Azs 205/2005-54
1-409-12_1.txt,I. US 409/12,2012-05-15,ConCo,31 Af 134/2010-32
1-404-04.txt,I. US 404/04,2004-07-22,ConCo,59 Az 51/2003-35
3-2637-08_1.txt,III. US 2637/08,2009-04-30,ConCo,9 As 59/2008-35
3-499-98.txt,III. US 499/98,1999-03-04,ConCo,Nc II 286/41
1-2590-08_1.txt,I. US 2590/08,2009-02-24,ConCo,5 Afs 29/2004-74
4-707-14_1.txt,IV. US 707/14,2014-03-05,ConCo,7 Afs 62/2013-130
4-576-08_1.txt,IV. US 576/08,2009-02-23,ConCo,Spr 2901/2004
4-576-08_1.txt,IV. US 576/08,2009-02-23,ConCo,Spr 3123/2005
3-3289-14_1.txt,III. US 3289/14,2017-05-10,ConCo,2 Azs 208/2015-74
3-3289-14_1.txt,III. US 3289/14,2017-05-10,ConCo,1 Azs 39/2015-59
3-1366-07_1.txt,III. US 1366/07,2008-01-31,ConCo,zde rozhodnuti NSS 6 Ads 57/2004-59
1-1354-09_1.txt,I. US 1354/09,2009-08-05,ConCo,16 Cad 315/2007
1-1354-09_1.txt,I. US 1354/09,2009-08-05,ConCo,16 Cad 315/2007-35
2-3628-16_1.txt,II. US 3628/16,2016-11-29,ConCo,3 Aps 6/2006-76 a 3 Aps 7/2006-103
2-3628-16_1.txt,II. US 3628/16,2016-11-29,ConCo,ve veci 3 Aps 7/2006-103
4-1720-11_1.txt,IV. US 1720/11,2011-08-02,ConCo,6 As 46/2008-2
1-256-01.txt,I. US 256/01,2002-04-29,ConCo,Nc 1305/98-6
2-4163-12_1.txt,II. US 4163/12,2013-12-03,ConCo,11 Af 23/2011-62
3-730-2000.txt,III. US 730/2000,2001-05-14,ConCo,Spr 415/2001
Pl-4-15_1.txt,Pl. US 4/15,2017-01-31,ConCo,62 Af 39/2016 zamitl zaloby proti rozhodnuti predsedy Uradu
3-2448-15_1.txt,III. US 2448/15,2015-10-08,ConCo,7 Afs 42/2007-142 ci 2 Afs 136/2005-66
3-3401-13_1.txt,III. US 3401/13,2014-01-07,ConCo,brojil proti usnesenim Nejvyssiho spravniho soudu 1 As 90/2013-27
1-305-05.txt,I. US 305/05,2006-01-05,ConCo,2 Afs 17/2003-52
2-3328-13_1.txt,II. US 3328/13,2014-05-07,ConCo,4 Az 8/2013 o zalobe proti jeho rozhodnuti OAM-46/LE-LE05
1-40-15_1.txt,I. US 40/15,2016-02-01,ConCo,ve smyslu zaveru usneseni NSS Vol 44/2013-72
Pl-66-06.txt,Pl. US 66/06,2007-01-09,ConCo,Vol. 32/2006-45
3-1089-09_1.txt,III. US 1089/09,2009-07-22,ConCo,19 Cad 93/2006-52
1-1142-13_1.txt,I. US 1142/13,2013-05-30,ConCo,ve veci Julije Volodymyrivny Tymosenkove
1-1337-15_1.txt,I. US 1337/15,2015-06-30,ConCo,rozsireneho senatu NSS 8 Afs 78/2006-74
3-2357-10_1.txt,III. US 2357/10,2010-09-30,ConCo,5 Afs 36/2003 a 8 Afs 7/2005
1-2671-15_1.txt,I. US 2671/15,2016-05-18,ConCo,7 Azs 72/2015-30
4-3047-15_1.txt,IV. US 3047/15,2016-01-19,ConCo,Nc L 213/49
1-121-06.txt,I. US 121/06,2006-07-11,ConCo,24 Az 613/2003-39
1-121-06.txt,I. US 121/06,2006-07-11,ConCo,2 Azs 93/2003-54
4-421-02.txt,IV. US 421/02,2002-11-11,ConCo,Ca 64/2000
1-411-16_1.txt,I. US 411/16,2016-07-01,ConCo,2 Afs 44/2007-78
2-521-03.txt,II. US 521/03,2005-09-26,ConCo,7 Ads 7/2003-75
2-521-03.txt,II. US 521/03,2005-09-26,ConCo,6 Ads 41/2003-87
3-359-06.txt,III. US 359/06,2006-09-27,ConCo,7 Afs 8/2005-60
4-1817-16_1.txt,IV. US 1817/16,2016-09-20,ConCo,7 Afs 212/2006-74 5 Afs 147/2004-89
2-4228-16_1.txt,II. US 4228/16,2017-03-21,ConCo,62 Af 39/2016-115
2-4228-16_1.txt,II. US 4228/16,2017-03-21,ConCo,62 Af 39/2016
1-590-15_1.txt,I. US 590/15,2015-03-05,ConCo,7 As 229/2014-16 a proti usneseni Mestskeho soudu v Praze
1-49-01.txt,I. US 49/01,2001-03-23,ConCo,Nc 1013/98
3-2067-18_1.txt,III. US 2067/18,2018-08-30,ConCo,8 As 154/2014 a 1 As 35/2012
2-434-05.txt,II. US 434/05,2006-11-09,ConCo,S 3401/2004-62
3-933-06.txt,III. US 933/06,2007-01-30,ConCo,16 Cad 186/2006
1-1817-14_1.txt,I. US 1817/14,2014-07-07,ConCo,ve veci 2 Afs 68/2012
1-656-05.txt,I. US 656/05,2006-03-28,ConCo,Spr 2187/94
1-656-05.txt,I. US 656/05,2006-03-28,ConCo,Obvodniho soudu pro Prahu 1 Spr 1296/96
1-656-05.txt,I. US 656/05,2006-03-28,ConCo,Spr 1315/2003
3-288-97.txt,III. US 288/97,1998-05-28,ConCo,IV. S 217/96
3-2958-17_1.txt,III. US 2958/17,2017-11-07,ConCo,1 Afs 171/2015-41 a 1 Afs 76/2013-57
2-1930-17_1.txt,II. US 1930/17,2017-11-14,ConCo,ve veci Volkov proti Ukrajine stiznost c. 21722/11
2-431-14_1.txt,II. US 431/14,2014-07-08,ConCo,31 Af 82/2012
2-431-14_1.txt,II. US 431/14,2014-07-08,ConCo,31 Af 82/2012-82
1-175-13_1.txt,I. US 175/13,2013-04-16,ConCo,72 Ad 17/2011-31
1-175-13_1.txt,I. US 175/13,2013-04-16,ConCo,4 Ads 65/2011-65
2-2991-07_1.txt,II. US 2991/07,2008-01-23,ConCo,4 Afs 10/2003 a 4 Afs 2/2004
1-529-04.txt,I. US 529/04,2005-08-15,ConCo,5 Az 73/2003-78
3-561-05.txt,III. US 561/05,2006-02-09,ConCo,4 Cad 72/2003-16
Pl-10-13_4.txt,Pl. US 10/13,2013-05-29,ConCo,V. The Transformation of Hearts and Minds in Eastern Europe. In Cato Journal Vol. 17
1-1942-16_1.txt,I. US 1942/16,2017-04-05,ConCo,ve veci Volesky proti Ceske republice
3-542-09_1.txt,III. US 542/09,2010-04-27,ConCo,publikovane pod c. 906/2006 Sb. NSS) a 8 As 47/2005-86
3-542-09_1.txt,III. US 542/09,2010-04-27,ConCo,1 Afs 147/2005-07
1-203-08_1.txt,I. US 203/08,2011-04-28,ConCo,42 Cad 299/2007
1-203-08_1.txt,I. US 203/08,2011-04-28,ConCo,3 Ads 68/2008 a 3 Ads 112/2008
1-946-16_2.txt,I. US 946/16,2018-05-30,ConCo,rozsireneho senatu NSS 4 As 3/2008-78
1-946-16_2.txt,I. US 946/16,2018-05-30,ConCo,rozsireneho senatu NSS 7 Azs 79/2009-84
1-946-16_2.txt,I. US 946/16,2018-05-30,ConCo,rozsireneho senatu NSS 2 As 196/2016-123
3-3635-16_1.txt,III. US 3635/16,2017-02-07,ConCo,3 As 16/2014-40 a 9 Aps 18/2013-25
3-625-08_1.txt,III. US 625/08,2008-11-13,ConCo,c.j 2 Afs 100/2006-3
3-625-08_1.txt,III. US 625/08,2008-11-13,ConCo,7 Afs 72/2006-3
2-433-05.txt,II. US 433/05,2006-08-09,ConCo,S 3401/2004-62
1-2433-13_1.txt,I. US 2433/13,2014-08-26,ConCo,6 Ads 127/2001-90
1-1991-10_1.txt,I. US 1991/10,2010-11-15,ConCo,1 Azs 9/ 2006-41
2-46-06.txt,II. US 46/06,2006-03-23,ConCo,40 Cad 101/2004
4-2266-17_1.txt,IV. US 2266/17,2017-10-10,ConCo,2 As 146/2015-46
3-109-07_1.txt,III. US 109/07,2007-11-29,ConCo,Sst 2/2003-225
4-3538-10_1.txt,IV. US 3538/10,2011-03-30,ConCo,smerujici proti rozsudku Nejvyssiho spravniho soudu 6 Ads 97/2010-66
3-319-04.txt,III. US 319/04,2004-12-16,ConCo,3 As 55/2003-36
3-319-04.txt,III. US 319/04,2004-12-16,ConCo,3 As 28/2003
3-319-04.txt,III. US 319/04,2004-12-16,ConCo,4 As 2/2003
4-35-05.txt,IV. US 35/05,2005-04-07,ConCo,S 25 A/02-1002/02
4-1711-14_1.txt,IV. US 1711/14,2014-07-08,ConCo,15 Af 364/2012
1-1688-14_1.txt,I. US 1688/14,2014-08-12,ConCo,22 Af 12/2011-22
1-2387-08_1.txt,I. US 2387/08,2008-10-22,ConCo,Ustavni stiznosti broji stezovatelka proti usneseni Nejvyssiho spravniho soudu 6 Ads 66/2008-90
1-2387-08_1.txt,I. US 2387/08,2008-10-22,ConCo,stiznost proti rozsudku Mestskeho soudu v Praze 2 Cad 99/2006-39
