soubor,spisovka,datum,soud,reference,soubor2,datum2,soud2
rozhodnuti-11_Tdo_1295_2010.txt,11 Tdo 1295/2010,2011-01-31,SupCo,2 As 78/2006,0078_2As__0600064A_prevedeno.txt,2007-05-16,SupAdmCo
rozhodnuti-28_Cdo_691_2010.txt,28 Cdo 691/2010,2011-11-09,SupCo,5 As 17/2007-60,0017_5As__0700060A_prevedeno.txt,2007-06-26,SupAdmCo
rozhodnuti-28_Cdo_691_2010.txt,28 Cdo 691/2010,2011-11-09,SupCo,4 As 47/2003,0047_4As__0300136A_prevedeno.txt,2004-12-20,SupAdmCo
rozhodnuti-28_Cdo_691_2010.txt,28 Cdo 691/2010,2011-11-09,SupCo,Konf 4/2007-6,000411Konf0700006A_prevedeno.txt,2007-06-08,SupAdmCo
rozhodnuti-5_Tdo_1392_2012.txt,5 Tdo 1392/2012,2013-04-24,SupCo,5 Afs 20/2010,0020_5Afs_100_20110408100244_prevedeno.txt,2011-03-24,SupAdmCo
rozhodnuti-32_Cdo_2508_2014.txt,32 Cdo 2508/2014,2016-05-17,SupCo,2 Afs 58/2007,0044_8Afs_1200002_prevedeno.txt,2007-09-20,SupAdmCo
rozhodnuti-22_Cdo_1679_2015.txt,22 Cdo 1679/2015,2015-05-27,SupCo,1 Ans 3/2012-34,0003_1Ans_12_20120802115147_prevedeno.txt,2012-07-11,SupAdmCo
rozhodnuti-22_Cdo_1679_2015.txt,22 Cdo 1679/2015,2015-05-27,SupCo,2 As 8/2013-11,0008_2As__130_20130320135426_prevedeno.txt,2013-03-08,SupAdmCo
rozhodnuti-8_Tdo_1509_2014.txt,8 Tdo 1509/2014,2015-01-14,SupCo,As 72/2014,0072_6As__1400088_20150310102611_prevedeno.txt,2015-03-04,SupAdmCo
rozhodnuti-30_Cdo_2344_2010.txt,30 Cdo 2344/2010,2012-01-18,SupCo,6 Ans 2/2005-68,0002_6Ans_0500068A_prevedeno.txt,2006-04-20,SupAdmCo
rozhodnuti-6_Tdo_706_2018.txt,6 Tdo 706/2018,2018-06-13,SupCo,1 As 106/2010-83,0106_1As__1000083A_prevedeno.txt,2012-01-24,SupAdmCo
rozhodnuti-6_Tdo_706_2018.txt,6 Tdo 706/2018,2018-06-13,SupCo,2 Azs 231/2016,0231_2Azs_1600029_20161124153853_prevedeno.txt,2016-11-23,SupAdmCo
rozhodnuti-6_Tdo_706_2018.txt,6 Tdo 706/2018,2018-06-13,SupCo,9 As 131/2011-63,0131_9As__1100063A_prevedeno.txt,2013-07-30,SupAdmCo
rozhodnuti-30_Cdo_802_2016.txt,30 Cdo 802/2016,2016-08-31,SupCo,4 Azs 390/2005,0390_4Azs_0500098A_prevedeno.txt,2006-01-18,SupAdmCo
rozhodnuti-30_Cdo_802_2016.txt,30 Cdo 802/2016,2016-08-31,SupCo,3 Ads 26/2005,0026_3Ads_0500036A_prevedeno.txt,2006-01-04,SupAdmCo
rozhodnuti-8_Tdo_532_2016.txt,8 Tdo 532/2016,2016-05-25,SupCo,4 Afs 210/2014,0210_4Afs_1400070_20160113090923_prevedeno.txt,2015-12-16,SupAdmCo
rozhodnuti-29_Cdo_969_2017.txt,29 Cdo 969/2017,2017-07-31,SupCo,1 As 23/2009,0023_1As__0900103A_prevedeno.txt,2010-09-09,SupAdmCo
rozhodnuti-7_Tdo_755_2016.txt,7 Tdo 755/2016,2017-02-16,SupCo,4 Afs 210/2014,0210_4Afs_1400070_20160113090923_prevedeno.txt,2015-12-16,SupAdmCo
rozhodnuti-4_Tdo_648_2018.txt,4 Tdo 648/2018,2018-06-26,SupCo,9 As 96/2008,0096_9As__0800044A_prevedeno.txt,2009-08-06,SupAdmCo
rozhodnuti-4_Tdo_648_2018.txt,4 Tdo 648/2018,2018-06-26,SupCo,5 As 26/2010,0026_5As__1000_d23a7441_d83c_4979_b038_b2614eaffcbe_prevedeno.txt,2010-07-15,SupAdmCo
rozhodnuti-33_Cdo_874_2012.txt,33 Cdo 874/2012,2013-08-22,SupCo,Konf 31/2007,0031_0Konf0700082A_prevedeno.txt,2008-05-21,SupAdmCo
rozhodnuti-33_Cdo_874_2012.txt,33 Cdo 874/2012,2013-08-22,SupCo,Konf 27/2008,0027_0Konf0800007A_prevedeno.txt,2008-09-09,SupAdmCo
rozhodnuti-21_Cdo_5743_2017.txt,21 Cdo 5743/2017,2018-01-31,SupCo,1 As 23/2009-95,0023_1As__0900_43c992a2_b861_4e5f_8dd2_917c602f2396_prevedeno.txt,2010-08-24,SupAdmCo
rozhodnuti-8_Tdo_514_2014.txt,8 Tdo 514/2014,2014-05-07,SupCo,8 As 89/2011,0089_8As__110_20120306041133_prevedeno.txt,2012-02-17,SupAdmCo
rozhodnuti-5_Tdo_974_2015.txt,5 Tdo 974/2015,2015-09-29,SupCo,Afs 20/2010,0020_5Afs_100_20110408100244_prevedeno.txt,2011-03-24,SupAdmCo
rozhodnuti-28_Cdo_2155_2012.txt,28 Cdo 2155/2012,2013-04-24,SupCo,5 As 62/2008,0062_5As__0800059A_prevedeno.txt,2009-09-11,SupAdmCo
rozhodnuti-32_Cdo_2712_2013.txt,32 Cdo 2712/2013,2015-08-26,SupCo,1 As 149/2013,0149_1As__13_20140527072117_prevedeno.txt,2014-05-14,SupAdmCo
rozhodnuti-22_Cdo_603_2014.txt,22 Cdo 603/2014,2014-03-19,SupCo,1 As 23/2009-95,0023_1As__0900_43c992a2_b861_4e5f_8dd2_917c602f2396_prevedeno.txt,2010-08-24,SupAdmCo
rozhodnuti-22_Cdo_603_2014.txt,22 Cdo 603/2014,2014-03-19,SupCo,1 As 23/2009-103,0023_1As__0900103A_prevedeno.txt,2010-09-09,SupAdmCo
rozhodnuti-30_Cdo_2903_2017.txt,30 Cdo 2903/2017,2018-03-28,SupCo,6 Ads 88/2006-132,0088_6Ads_0600132A_prevedeno.txt,2009-07-21,SupAdmCo
rozhodnuti-8_Tdo_643_2008.txt,8 Tdo 643/2008,2008-06-04,SupCo,4 As 24/2008,0024_4As__0800077A_prevedeno.txt,2008-04-25,SupAdmCo
rozhodnuti-28_Cdo_2921_2016.txt,28 Cdo 2921/2016,2018-02-14,SupCo,3 Ads 21/2004,0021_3Ads_0400055A_prevedeno.txt,2005-02-23,SupAdmCo
rozhodnuti-28_Cdo_2921_2016.txt,28 Cdo 2921/2016,2018-02-14,SupCo,1 As 55/2009,0055_1As__0900152A_prevedeno.txt,2009-08-20,SupAdmCo
rozhodnuti-28_Cdo_2921_2016.txt,28 Cdo 2921/2016,2018-02-14,SupCo,3 Ads 96/2011,0096_3Ads_110_20120117022050_prevedeno.txt,2012-01-11,SupAdmCo
rozhodnuti-33_Cdo_631_2017.txt,33 Cdo 631/2017,2018-02-20,SupCo,5 As 62/2008,0062_5As__0800059A_prevedeno.txt,2009-09-11,SupAdmCo
rozhodnuti-25_Cdo_5267_2014.txt,25 Cdo 5267/2014,2015-02-18,SupCo,5 Ads 1/2004,0001_5Ads_0400063A_prevedeno.txt,2004-05-20,SupAdmCo
rozhodnuti-25_Cdo_5267_2014.txt,25 Cdo 5267/2014,2015-02-18,SupCo,1 As 23/2009,0023_1As__0900103A_prevedeno.txt,2010-09-09,SupAdmCo
rozhodnuti-26_Cdo_4820_2014.txt,26 Cdo 4820/2014,2016-03-30,SupCo,Konf 27/2008-7,0027_0Konf0800007A_prevedeno.txt,2008-09-09,SupAdmCo
rozhodnuti-26_Cdo_4820_2014.txt,26 Cdo 4820/2014,2016-03-30,SupCo,Konf 38/2009-12,0038_0Konf0900012A_prevedeno.txt,2009-09-14,SupAdmCo
rozhodnuti-26_Cdo_4820_2014.txt,26 Cdo 4820/2014,2016-03-30,SupCo,2 As 111/2010-64,0111_2As__100_20110121095445_prevedeno.txt,2011-01-20,SupAdmCo
rozhodnuti-25_Cdo_4009_2014.txt,25 Cdo 4009/2014,2015-01-06,SupCo,5 As 34/2003,0034_5As__0300047A_prevedeno.txt,2004-05-31,SupAdmCo
rozhodnuti-30_Cdo_4679_2015.txt,30 Cdo 4679/2015,2017-08-16,SupCo,9 Afs 13/2008,0013_9Afs_0800090A_prevedeno.txt,2009-11-24,SupAdmCo
rozhodnuti-30_Cdo_530_2014.txt,30 Cdo 530/2014,2015-07-30,SupCo,9 Afs 20/2010,0020_9Afs_1000_9c72a4bf_67b6_4dbe_84b1_4494751a4517_prevedeno.txt,2010-08-12,SupAdmCo
rozhodnuti-33_Cdo_4940_2009.txt,33 Cdo 4940/2009,2010-01-28,SupCo,Konf 38/2009,0038_0Konf0900012A_prevedeno.txt,2009-09-14,SupAdmCo
rozhodnuti-26_Nd_30_2005.txt,26 Nd 30/2005,2005-12-15,SupCo,6 As 29/2003,0029_6As__0300097A_prevedeno.txt,2003-11-30,SupAdmCo
rozhodnuti-26_Nd_30_2005.txt,26 Nd 30/2005,2005-12-15,SupCo,Konf 108/2003,010811Konf0300005A_prevedeno.txt,2004-01-06,SupAdmCo
rozhodnuti-22_Cdo_1164_2017.txt,22 Cdo 1164/2017,2017-12-05,SupCo,1 As 70/2008-74,0070_1As__0800074A_prevedeno.txt,2010-05-27,SupAdmCo
rozhodnuti-22_Cdo_1646_2018.txt,22 Cdo 1646/2018,2018-05-30,SupCo,5 Afs 16/2003-56,0016_5Afs_0300056A_prevedeno.txt,2004-11-12,SupAdmCo
rozhodnuti-3_Tdo_356_2017.txt,3 Tdo 356/2017,2017-09-20,SupCo,1 Afs 73/2004-89,0073_1Afs_0400089A_prevedeno.txt,2007-04-03,SupAdmCo
rozhodnuti-3_Tdo_356_2017.txt,3 Tdo 356/2017,2017-09-20,SupCo,5 Afs 77/2015-43,0077_5Afs_1500043_20151127131450_prevedeno.txt,2015-11-25,SupAdmCo
rozhodnuti-29_Cdo_1248_2008.txt,29 Cdo 1248/2008,2010-02-23,SupCo,8 Afs 33/2007,0033_8Afs_0700047A_prevedeno.txt,2008-08-29,SupAdmCo
rozhodnuti-29_Cdo_4287_2008.txt,29 Cdo 4287/2008,2010-03-30,SupCo,8 Afs 33/2007,0033_8Afs_0700047A_prevedeno.txt,2008-08-29,SupAdmCo
rozhodnuti-29_Odo_1227_2004.txt,29 Odo 1227/2004,2007-01-30,SupCo,1 Afs 76/2004,0076_1Afs_0400059A_prevedeno.txt,2005-01-12,SupAdmCo
rozhodnuti-22_Cdo_648_2017.txt,22 Cdo 648/2017,2017-03-28,SupCo,1 As 23/2009,0023_1As__0900103A_prevedeno.txt,2010-09-09,SupAdmCo
rozhodnuti-33_Cdo_4179_2011.txt,33 Cdo 4179/2011,2012-12-12,SupCo,Konf 108/2009-11,0108_0Konf0900_e0b0ab00_2c48_45dd_995f_a678fb32322e_prevedeno.txt,2010-04-13,SupAdmCo
rozhodnuti-7_Tdo_1063_2006.txt,7 Tdo 1063/2006,2007-01-17,SupCo,2 Afs 39/2004,0039_2Afs_0400062A_prevedeno.txt,2004-07-15,SupAdmCo
rozhodnuti-7_Tdo_1063_2006.txt,7 Tdo 1063/2006,2007-01-17,SupCo,Afs 39/2004,0039_1Afs_0400066A_prevedeno.txt,2005-03-30,SupAdmCo
rozhodnuti-28_Cdo_1911_2014.txt,28 Cdo 1911/2014,2014-11-11,SupCo,2 As 44/2011-99,0044_2As__110_20110519094756_prevedeno.txt,2011-05-16,SupAdmCo
rozhodnuti-28_Cdo_1911_2014.txt,28 Cdo 1911/2014,2014-11-11,SupCo,1 As 32/2012-42,0032_1As__120_20120601082224_prevedeno.txt,2012-05-02,SupAdmCo
rozhodnuti-28_Cdo_1911_2014.txt,28 Cdo 1911/2014,2014-11-11,SupCo,4 As 163/2013-27,0163_4As__130_20140611143922_prevedeno.txt,2014-06-03,SupAdmCo
rozhodnuti-27_Cdo_3547_2017.txt,27 Cdo 3547/2017,2018-09-12,SupCo,9 As 69/2008,0069_9As__0800050A_prevedeno.txt,2009-06-11,SupAdmCo
rozhodnuti-27_Cdo_3547_2017.txt,27 Cdo 3547/2017,2018-09-12,SupCo,9 As 229/2014,0229_9As__1400036_20150305163410_prevedeno.txt,2015-03-05,SupAdmCo
rozhodnuti-6_Tdo_983_2010.txt,6 Tdo 983/2010,2011-02-23,SupCo,6 Azs 123/2007,0123_6Azs_0700056A_prevedeno.txt,2008-01-17,SupAdmCo
rozhodnuti-23_Cdo_3473_2009.txt,23 Cdo 3473/2009,2011-09-27,SupCo,1 Afs 98/2010-399,0098_1Afs_1000399A_prevedeno.txt,2011-05-31,SupAdmCo
rozhodnuti-20_Cdo_4414_2015.txt,20 Cdo 4414/2015,2016-01-12,SupCo,6 As 68/2014,0068_6As__14_20140702153550_prevedeno.txt,2014-06-25,SupAdmCo
rozhodnuti-30_Cdo_557_2015.txt,30 Cdo 557/2015,2017-03-08,SupCo,5 As 142/2014-26,0142_5As__1400026_20160620131712_prevedeno.txt,2016-06-16,SupAdmCo
rozhodnuti-33_Cdo_3857_2016.txt,33 Cdo 3857/2016,2017-03-16,SupCo,2 As 85/2006,0085_2As__0600079A_prevedeno.txt,2007-05-17,SupAdmCo
rozhodnuti-6_Tdo_1396_2013.txt,6 Tdo 1396/2013,2014-03-06,SupCo,5 Aps 6/2011-85,0006_5Aps_110_20111128101246_prevedeno.txt,2011-11-16,SupAdmCo
rozhodnuti-28_Cdo_4113_2017.txt,28 Cdo 4113/2017,2018-06-05,SupCo,6 As 113/2016-21,0113_6As__1600021_20160722092948_prevedeno.txt,2016-06-29,SupAdmCo
rozhodnuti-22_Cdo_216_2006.txt,22 Cdo 216/2006,2008-09-30,SupCo,8 As 20/2006,0020_8As__0600129A_prevedeno.txt,2008-03-31,SupAdmCo
rozhodnuti-30_Cdo_942_2016.txt,30 Cdo 942/2016,2016-10-04,SupCo,2 As 35/2014,0035_2As__14_20140908095558_prevedeno.txt,2014-08-27,SupAdmCo
rozhodnuti-21_Cdo_1829_2018.txt,21 Cdo 1829/2018,2018-06-20,SupCo,5 As 17/2008,0017_5As__0800146A_prevedeno.txt,2009-01-22,SupAdmCo
rozhodnuti-26_Cdo_2077_2008.txt,26 Cdo 2077/2008,2011-03-24,SupCo,3 Ans 9/2005,0009_3Ans_0500114A_prevedeno.txt,2006-12-13,SupAdmCo
rozhodnuti-30_Cdo_2174_2012.txt,30 Cdo 2174/2012,2013-01-17,SupCo,4 Ads 108/2006,0108_4Ads_0600048A_prevedeno.txt,2007-08-16,SupAdmCo
rozhodnuti-33_Cdo_2165_2016.txt,33 Cdo 2165/2016,2017-03-23,SupCo,2 Afs 49/2007,0049_2Afs_0700096A_prevedeno.txt,2008-05-22,SupAdmCo
rozhodnuti-30_Cdo_931_2015.txt,30 Cdo 931/2015,2015-06-17,SupCo,9 As 284/2014-55,0284_9As__1400055_20150205133837_prevedeno.txt,2015-02-05,SupAdmCo
rozhodnuti-28_Cdo_4734_2008.txt,28 Cdo 4734/2008,2011-05-11,SupCo,5 Afs 5/2007,0005_5Afs_0700063A_prevedeno.txt,2008-01-31,SupAdmCo
rozhodnuti-21_Cdo_18_2016.txt,21 Cdo 18/2016,2016-12-01,SupCo,5 Afs 149/2015,0149_5Afs_1500036_20160802095732_prevedeno.txt,2016-07-22,SupAdmCo
rozhodnuti-21_Cdo_1876_2017.txt,21 Cdo 1876/2017,2017-08-22,SupCo,3 Ads 119/2010,0119_3Ads_100_20101210095222_prevedeno.txt,2010-12-09,SupAdmCo
rozhodnuti-30_Cdo_788_2013.txt,30 Cdo 788/2013,2014-05-21,SupCo,Konf 22/2013-7,0022_0Konf130_20140225152847_prevedeno.txt,2014-02-20,SupAdmCo
rozhodnuti-30_Cdo_2767_2013.txt,30 Cdo 2767/2013,2014-08-26,SupCo,5 As 24/2008-92,0024_5As__0800092A_prevedeno.txt,2009-03-26,SupAdmCo
rozhodnuti-23_Cdo_3214_2017.txt,23 Cdo 3214/2017,2018-02-27,SupCo,8 Afs 82/2006,0082_8Afs_0600068A_prevedeno.txt,2006-08-11,SupAdmCo
rozhodnuti-23_Cdo_3214_2017.txt,23 Cdo 3214/2017,2018-02-27,SupCo,3 As 6/2008,0006_3As__0800096A_prevedeno.txt,2008-07-16,SupAdmCo
rozhodnuti-25_Cdo_1503_2018.txt,25 Cdo 1503/2018,2018-06-19,SupCo,8 As 72/2015,0072_8As__1500067_20151130160637_prevedeno.txt,2015-11-19,SupAdmCo
rozhodnuti-30_Cdo_1757_2014.txt,30 Cdo 1757/2014,2016-05-04,SupCo,3 Ans 4/2013,0004_3Ans_13_20131011130611_prevedeno.txt,2013-11-03,SupAdmCo
rozhodnuti-30_Cdo_1757_2014.txt,30 Cdo 1757/2014,2016-05-04,SupCo,4 Ads 111/2010,0111_4Ads_1000_20110525092144_prevedeno.txt,2011-04-28,SupAdmCo
rozhodnuti-30_Cdo_1038_2013.txt,30 Cdo 1038/2013,2014-05-28,SupCo,1 Afs 107/2004-48,0107_1Afs_0400048A_prevedeno.txt,2005-11-10,SupAdmCo
rozhodnuti-29_Cdo_1695_2016.txt,29 Cdo 1695/2016,2016-11-30,SupCo,5 Ads 1/2004,0001_5Ads_0400063A_prevedeno.txt,2004-05-20,SupAdmCo
rozhodnuti-29_Cdo_1695_2016.txt,29 Cdo 1695/2016,2016-11-30,SupCo,1 As 23/2009,0023_1As__0900103A_prevedeno.txt,2010-09-09,SupAdmCo
rozhodnuti-23_Cdo_4931_2017.txt,23 Cdo 4931/2017,2018-04-16,SupCo,1 As 80/2016-30,0080_1As__1600030_20160919151950_prevedeno.txt,2016-08-24,SupAdmCo
rozhodnuti-22_Cdo_4304_2015.txt,22 Cdo 4304/2015,2016-12-14,SupCo,7 Aos 2/2012-53,0002_7Aos_120_20130314102811_prevedeno.txt,2013-02-14,SupAdmCo
rozhodnuti-22_Cdo_4304_2015.txt,22 Cdo 4304/2015,2016-12-14,SupCo,7 Aos 4/2013-71,0004_7Aos_130_20131017111335_prevedeno.txt,2013-09-19,SupAdmCo
rozhodnuti-22_Cdo_4304_2015.txt,22 Cdo 4304/2015,2016-12-14,SupCo,1 Ao 7/2011,0007_1Ao__110_20120723040343_prevedeno.txt,2012-06-21,SupAdmCo
rozhodnuti-22_Cdo_4304_2015.txt,22 Cdo 4304/2015,2016-12-14,SupCo,7 Aos 2/2012,0002_7Aos_120_20130314102811_prevedeno.txt,2013-02-14,SupAdmCo
rozhodnuti-20_Cdo_2386_2012.txt,20 Cdo 2386/2012,2012-09-25,SupCo,3 As 35/2006-87,0028_7As__1200001_prevedeno.txt,2007-03-21,SupAdmCo
rozhodnuti-28_Cdo_3429_2010.txt,28 Cdo 3429/2010,2011-10-12,SupCo,7 Afs 11/2006,0011_7Afs_0600088A_prevedeno.txt,2007-04-27,SupAdmCo
rozhodnuti-20_Cdo_472_2017.txt,20 Cdo 472/2017,2017-03-14,SupCo,6 Azs 19/2003-45,0019_6Azs_0300045A_prevedeno.txt,2004-02-26,SupAdmCo
rozhodnuti-7_Tdo_1120_2017.txt,7 Tdo 1120/2017,2017-12-20,SupCo,2 As 45/2010-68,0045_2As__100_20111216021304_prevedeno.txt,2011-11-18,SupAdmCo
rozhodnuti-30_Cdo_2146_2010.txt,30 Cdo 2146/2010,2012-02-23,SupCo,2 Ao 3/2007,0002_2Ao__0700073A_prevedeno.txt,2007-11-24,SupAdmCo
rozhodnuti-30_Cdo_2146_2010.txt,30 Cdo 2146/2010,2012-02-23,SupCo,4 As 5/2007,0005_4As__0700049A_prevedeno.txt,2007-05-31,SupAdmCo
rozhodnuti-28_Cdo_4220_2016.txt,28 Cdo 4220/2016,2017-03-07,SupCo,6 Ads 76/2012-63,0076_6Ads_120_20121109101904_prevedeno.txt,2012-11-07,SupAdmCo
rozhodnuti-22_Cdo_4242_2015.txt,22 Cdo 4242/2015,2016-01-26,SupCo,6 Ans 2/2007,0002_6Ans_0700128A_prevedeno.txt,2007-11-15,SupAdmCo
rozhodnuti-23_Cdo_5733_2017.txt,23 Cdo 5733/2017,2018-04-18,SupCo,1 Afs 76/2013-57,0076_1Afs_13_20131219103533_prevedeno.txt,2013-12-17,SupAdmCo
rozhodnuti-28_Cdo_2914_2017.txt,28 Cdo 2914/2017,2017-10-25,SupCo,2 Afs 35/2010-163,0035_2Afs_1000_20101026085744_prevedeno.txt,2010-11-20,SupAdmCo
rozhodnuti-22_Cdo_1176_2015.txt,22 Cdo 1176/2015,2015-09-08,SupCo,6 Azs 177/2005-50,0177_6Azs_0500050A_prevedeno.txt,2006-04-27,SupAdmCo
rozhodnuti-22_Cdo_1176_2015.txt,22 Cdo 1176/2015,2015-09-08,SupCo,2 As 100/2011,0093_9As__1400001_prevedeno.txt,2011-12-06,SupAdmCo
rozhodnuti-22_Cdo_1176_2015.txt,22 Cdo 1176/2015,2015-09-08,SupCo,4 As 35/2011,0035_4As__110_20111115020931_prevedeno.txt,2011-11-21,SupAdmCo
rozhodnuti-22_Cdo_1394_2011.txt,22 Cdo 1394/2011,2011-06-01,SupCo,3 As 16/2008,0016_3As__0800085A_prevedeno.txt,2008-06-12,SupAdmCo
rozhodnuti-23_Cdo_4292_2015.txt,23 Cdo 4292/2015,2016-02-23,SupCo,8 As 37/2011-154,0037_8As__11_20140428113056_prevedeno.txt,2014-04-22,SupAdmCo
rozhodnuti-23_Cdo_4292_2015.txt,23 Cdo 4292/2015,2016-02-23,SupCo,8 As 37/2011-161,0037_8As__1100161_20141113114942_prevedeno.txt,2014-11-06,SupAdmCo
rozhodnuti-30_Cdo_326_2013.txt,30 Cdo 326/2013,2014-05-21,SupCo,Konf 22/2013-7,0022_0Konf130_20140225152847_prevedeno.txt,2014-02-20,SupAdmCo
rozhodnuti-20_Nd_250_2016.txt,20 Nd 250/2016,2016-07-26,SupCo,2 As 86/2016-44,0086_2As__1600044_20160429120322_prevedeno.txt,2016-04-28,SupAdmCo
rozhodnuti-30_Cdo_135_2014.txt,30 Cdo 135/2014,2014-05-06,SupCo,4 Azs 390/2005,0390_4Azs_0500098A_prevedeno.txt,2006-01-18,SupAdmCo
rozhodnuti-30_Cdo_135_2014.txt,30 Cdo 135/2014,2014-05-06,SupCo,3 Ads 26/2005,0026_3Ads_0500036A_prevedeno.txt,2006-01-04,SupAdmCo
rozhodnuti-20_Cdo_1605_2016.txt,20 Cdo 1605/2016,2016-09-01,SupCo,6 Azs 19/2003-45,0019_6Azs_0300045A_prevedeno.txt,2004-02-26,SupAdmCo
rozhodnuti-7_Td_17_2017.txt,7 Td 17/2017,2017-04-20,SupCo,Nad 79/2004,007911Nad_0400025A_prevedeno.txt,2004-06-08,SupAdmCo
rozhodnuti-28_Cdo_3448_2017.txt,28 Cdo 3448/2017,2018-03-01,SupCo,2 Ao 1/2008,0001_2Ao__0800051A_prevedeno.txt,2008-03-28,SupAdmCo
rozhodnuti-5_Tdo_1388_2012.txt,5 Tdo 1388/2012,2013-02-06,SupCo,2 Afs 42/2012,0042_2Afs_120_20121003040333_prevedeno.txt,2012-09-26,SupAdmCo
rozhodnuti-30_Cdo_4118_2015.txt,30 Cdo 4118/2015,2016-09-27,SupCo,2 As 58/2007,0058_2As__0700052A_prevedeno.txt,2008-02-19,SupAdmCo
rozhodnuti-30_Cdo_4118_2015.txt,30 Cdo 4118/2015,2016-09-27,SupCo,9 Aps 9/2012,0009_9Aps_12_20130114095547_prevedeno.txt,2013-01-09,SupAdmCo
rozhodnuti-30_Cdo_5322_2015.txt,30 Cdo 5322/2015,2016-03-16,SupCo,1 As 100/2009,0100_1As__0900129A_prevedeno.txt,2010-02-10,SupAdmCo
rozhodnuti-28_Cdo_2849_2015.txt,28 Cdo 2849/2015,2016-07-04,SupCo,1 As 28/2004-106,0028_1As__0400106A_prevedeno.txt,2004-11-16,SupAdmCo
rozhodnuti-28_Cdo_2849_2015.txt,28 Cdo 2849/2015,2016-07-04,SupCo,3 As 56/2004-82,0056_3As__0400082A_prevedeno.txt,2005-06-22,SupAdmCo
rozhodnuti-28_Cdo_2849_2015.txt,28 Cdo 2849/2015,2016-07-04,SupCo,7 Ans 16/2013-39,0016_7Ans_13_20140226123722_prevedeno.txt,2014-01-30,SupAdmCo
rozhodnuti-25_Nd_325_2013.txt,25 Nd 325/2013,2014-02-11,SupCo,Nao 36/2009-49,0036_0Nao_0900049_20160303141621_prevedeno.txt,2009-07-14,SupAdmCo
rozhodnuti-20_Cdo_3887_2017.txt,20 Cdo 3887/2017,2018-04-24,SupCo,7 Afs 46/2010,0046_7Afs_1000_c5f175e4_0743_4a09_823f_5224141f4c1e_prevedeno.txt,2010-07-15,SupAdmCo
rozhodnuti-20_Cdo_3887_2017.txt,20 Cdo 3887/2017,2018-04-24,SupCo,7 Afs 5/2013,0005_7Afs_130_20131219095455_prevedeno.txt,2013-11-21,SupAdmCo
rozhodnuti-20_Cdo_3887_2017.txt,20 Cdo 3887/2017,2018-04-24,SupCo,3 Ads 100/2013,0100_3Ads_13_20140624121113_prevedeno.txt,2014-06-18,SupAdmCo
rozhodnuti-20_Cdo_3887_2017.txt,20 Cdo 3887/2017,2018-04-24,SupCo,8 As 109/2015,0109_8As__1500038_20160111154026_prevedeno.txt,2016-01-06,SupAdmCo
rozhodnuti-29_ICdo_23_2017.txt,29 ICdo 23/2017,2018-06-27,SupCo,1 Afs 100/2009-63,0100_1Afs_0900063A_prevedeno.txt,2009-11-29,SupAdmCo
rozhodnuti-5_Tdo_420_2013.txt,5 Tdo 420/2013,2013-07-24,SupCo,5 Afs 20/2010-353,0020_5Afs_100_20110408100244_prevedeno.txt,2011-03-24,SupAdmCo
rozhodnuti-5_Tdo_420_2013.txt,5 Tdo 420/2013,2013-07-24,SupCo,5 Afs 20/2010,0020_5Afs_100_20110408100244_prevedeno.txt,2011-03-24,SupAdmCo
rozhodnuti-30_Cdo_5446_2014.txt,30 Cdo 5446/2014,2015-05-20,SupCo,1 As 51/2010,0051_1As__100_20101104021747_prevedeno.txt,2010-11-13,SupAdmCo
rozhodnuti-20_Cdo_1785_2013.txt,20 Cdo 1785/2013,2013-10-30,SupCo,9 As 52/2007-76,0052_9As__0700076A_prevedeno.txt,2008-01-03,SupAdmCo
rozhodnuti-20_Cdo_1639_2017.txt,20 Cdo 1639/2017,2017-12-13,SupCo,6 As 19/2016-24,0019_6As__1600024_20160824154408_prevedeno.txt,2016-08-10,SupAdmCo
rozhodnuti-20_Cdo_1639_2017.txt,20 Cdo 1639/2017,2017-12-13,SupCo,6 Ans 2/2007,0002_6Ans_0700128A_prevedeno.txt,2007-11-15,SupAdmCo
rozhodnuti-28_Cdo_5260_2016.txt,28 Cdo 5260/2016,2017-05-03,SupCo,2 Ads 94/2014-26,0094_2Ads_14_20140723165131_prevedeno.txt,2014-07-23,SupAdmCo
rozhodnuti-22_Cdo_598_2014.txt,22 Cdo 598/2014,2016-01-26,SupCo,Konf 35/2006-8,003511Konf0600008A_prevedeno.txt,2007-03-20,SupAdmCo
rozhodnuti-22_Cdo_598_2014.txt,22 Cdo 598/2014,2016-01-26,SupCo,Konf 14/2007-5,001411Konf0700005A_prevedeno.txt,2007-05-29,SupAdmCo
rozhodnuti-22_Cdo_598_2014.txt,22 Cdo 598/2014,2016-01-26,SupCo,Konf 32/2007-6,0032_0Konf0700006A_prevedeno.txt,2008-06-04,SupAdmCo
rozhodnuti-30_Cdo_2473_2014.txt,30 Cdo 2473/2014,2015-02-11,SupCo,4 Azs 390/2005,0390_4Azs_0500098A_prevedeno.txt,2006-01-18,SupAdmCo
rozhodnuti-30_Cdo_2473_2014.txt,30 Cdo 2473/2014,2015-02-11,SupCo,3 Ads 26/2005,0026_3Ads_0500036A_prevedeno.txt,2006-01-04,SupAdmCo
rozhodnuti-7_Tdo_350_2016.txt,7 Tdo 350/2016,2016-08-31,SupCo,8 As 32/2012,0032_8As__120_20130403151249_prevedeno.txt,2013-03-22,SupAdmCo
rozhodnuti-28_Cdo_1413_2014.txt,28 Cdo 1413/2014,2015-06-03,SupCo,2 As 21/2009-98,0021_2As__0900098A_prevedeno.txt,2009-08-20,SupAdmCo
rozhodnuti-28_Cdo_1413_2014.txt,28 Cdo 1413/2014,2015-06-03,SupCo,7 As 83/2012-45,0083_7As__120_20130523155353_prevedeno.txt,2013-04-22,SupAdmCo
rozhodnuti-5_Tdo_637_2013.txt,5 Tdo 637/2013,2013-08-07,SupCo,5 Afs 130/2004,0130_5Afs_0400062A_prevedeno.txt,2004-12-13,SupAdmCo
rozhodnuti-22_Cdo_616_2017.txt,22 Cdo 616/2017,2017-04-12,SupCo,5 As 3/2009-76,0003_5As__0900_4757a918_c863_4789_9ada_537b14ea9a30_prevedeno.txt,2010-03-16,SupAdmCo
rozhodnuti-22_Cdo_616_2017.txt,22 Cdo 616/2017,2017-04-12,SupCo,1 As 32/2012-42,0032_1As__120_20120601082224_prevedeno.txt,2012-05-02,SupAdmCo
rozhodnuti-22_Cdo_616_2017.txt,22 Cdo 616/2017,2017-04-12,SupCo,5 As 27/2009-66,0027_5As__0900066A_prevedeno.txt,2009-09-30,SupAdmCo
rozhodnuti-22_Cdo_616_2017.txt,22 Cdo 616/2017,2017-04-12,SupCo,1 As 76/2009-60,0076_1As__0900060A_prevedeno.txt,2009-12-22,SupAdmCo
rozhodnuti-22_Cdo_616_2017.txt,22 Cdo 616/2017,2017-04-12,SupCo,2 As 44/2011-99,0044_2As__110_20110519094756_prevedeno.txt,2011-05-16,SupAdmCo
rozhodnuti-30_Cdo_3197_2013.txt,30 Cdo 3197/2013,2014-02-12,SupCo,2 As 93/2011-79,0093_2As__110_20111005113519_prevedeno.txt,2011-11-04,SupAdmCo
rozhodnuti-28_Cdo_374_2011.txt,28 Cdo 374/2011,2011-11-09,SupCo,8 Afs 145/2005,0145_8Afs_0500086A_prevedeno.txt,2006-01-27,SupAdmCo
rozhodnuti-21_Cdo_2990_2016.txt,21 Cdo 2990/2016,2017-08-22,SupCo,6 As 231/2016-40,0231_6As__1600040_20170404141656_prevedeno.txt,2017-03-22,SupAdmCo
rozhodnuti-20_Cdo_670_2010.txt,20 Cdo 670/2010,2012-01-24,SupCo,1 Afs 73/2006,0073_1Afs_0600055A_prevedeno.txt,2006-11-30,SupAdmCo
rozhodnuti-29_Cdo_3191_2014.txt,29 Cdo 3191/2014,2015-01-22,SupCo,1 As 23/2009,0023_1As__0900103A_prevedeno.txt,2010-09-09,SupAdmCo
rozhodnuti-22_Cdo_4534_2017.txt,22 Cdo 4534/2017,2018-01-24,SupCo,1 As 23/2009-95,0023_1As__0900_43c992a2_b861_4e5f_8dd2_917c602f2396_prevedeno.txt,2010-08-24,SupAdmCo
rozhodnuti-30_Cdo_2355_2017.txt,30 Cdo 2355/2017,2017-12-19,SupCo,2 As 8/2013,0008_2As__130_20130320135426_prevedeno.txt,2013-03-08,SupAdmCo
rozhodnuti-23_Cdo_5030_2017.txt,23 Cdo 5030/2017,2018-04-24,SupCo,Konf 93/2011-9,0093_0Konf110_20120426093933_prevedeno.txt,2012-03-20,SupAdmCo
rozhodnuti-23_Cdo_5030_2017.txt,23 Cdo 5030/2017,2018-04-24,SupCo,Konf 108/2009-11,0108_0Konf0900_e0b0ab00_2c48_45dd_995f_a678fb32322e_prevedeno.txt,2010-04-13,SupAdmCo
rozhodnuti-23_Cdo_5030_2017.txt,23 Cdo 5030/2017,2018-04-24,SupCo,Konf 26/2014-18,0026_0Konf1400018_20150721144618_prevedeno.txt,2015-07-14,SupAdmCo
rozhodnuti-23_Cdo_5030_2017.txt,23 Cdo 5030/2017,2018-04-24,SupCo,Konf 13/2016-20,0013_0Konf1600020_20171205101939_prevedeno.txt,2017-12-04,SupAdmCo
rozhodnuti-23_Cdo_5030_2017.txt,23 Cdo 5030/2017,2018-04-24,SupCo,Konf 132/2005,013211Konf0500007A_prevedeno.txt,2006-06-30,SupAdmCo
rozhodnuti-5_Tdo_804_2014.txt,5 Tdo 804/2014,2014-12-10,SupCo,7 Afs 64/2008,0064_7Afs_0800052A_prevedeno.txt,2008-07-31,SupAdmCo
rozhodnuti-33_Cdo_2815_2017.txt,33 Cdo 2815/2017,2018-08-28,SupCo,1 Afs 164/2014,0164_1Afs_1400075_20150511131524_prevedeno.txt,2015-04-30,SupAdmCo
rozhodnuti-5_Tdo_415_2017.txt,5 Tdo 415/2017,2018-04-25,SupCo,2 Afs 134/2009,0134_2Afs_0900_9df69626_8ebf_4858_8601_3f162ce87d8b_prevedeno.txt,2010-06-16,SupAdmCo
rozhodnuti-5_Tdo_415_2017.txt,5 Tdo 415/2017,2018-04-25,SupCo,7 Afs 4/2008,0004_7Afs_0800064A_prevedeno.txt,2009-01-16,SupAdmCo
rozhodnuti-5_Tdo_415_2017.txt,5 Tdo 415/2017,2018-04-25,SupCo,2 Afs 94/2004-50,0094_2Afs_0400050A_prevedeno.txt,2005-02-03,SupAdmCo
rozhodnuti-5_Tdo_415_2017.txt,5 Tdo 415/2017,2018-04-25,SupCo,9 Afs 13/2008-90,0013_9Afs_0800090A_prevedeno.txt,2009-11-24,SupAdmCo
rozhodnuti-5_Tdo_415_2017.txt,5 Tdo 415/2017,2018-04-25,SupCo,1 As 27/2014-31,0027_1As__14_20140423101233_prevedeno.txt,2014-04-16,SupAdmCo
rozhodnuti-5_Tdo_415_2017.txt,5 Tdo 415/2017,2018-04-25,SupCo,9 Afs 57/2010-139,0057_9Afs_1000_5ba00175_d487_4e92_8945_82a9d15a949b_prevedeno.txt,2010-09-08,SupAdmCo
rozhodnuti-5_Tdo_415_2017.txt,5 Tdo 415/2017,2018-04-25,SupCo,10 Afs 18/2015,001810Afs_1500048_20150624095347_prevedeno.txt,2014-06-11,SupAdmCo
rozhodnuti-26_Cdo_1918_2016.txt,26 Cdo 1918/2016,2016-12-13,SupCo,4 Ans 3/2006-123,0003_4Ans_0600123A_prevedeno.txt,2007-02-21,SupAdmCo
rozhodnuti-23_Cdo_3442_2017.txt,23 Cdo 3442/2017,2017-08-29,SupCo,8 Afs 12/2010-268,0012_8Afs_1000_f4a0be4b_555f_4f39_8b12_94c5726a1a19_prevedeno.txt,2010-07-22,SupAdmCo
rozhodnuti-22_Cdo_1939_2014.txt,22 Cdo 1939/2014,2014-08-13,SupCo,1 As 23/2009-103,0023_1As__0900103A_prevedeno.txt,2010-09-09,SupAdmCo
rozhodnuti-28_Cdo_2457_2011.txt,28 Cdo 2457/2011,2011-10-20,SupCo,7 As 32/2007,0032_7As__0700043A_prevedeno.txt,2008-04-10,SupAdmCo
rozhodnuti-30_Cdo_214_2017.txt,30 Cdo 214/2017,2017-09-13,SupCo,5 Afs 16/2003-56,0016_5Afs_0300056A_prevedeno.txt,2004-11-12,SupAdmCo
rozhodnuti-22_Cdo_3160_2014.txt,22 Cdo 3160/2014,2015-03-25,SupCo,2 As 82/2008-145,0082_2As__0800145A_prevedeno.txt,2009-06-02,SupAdmCo
rozhodnuti-22_Cdo_3160_2014.txt,22 Cdo 3160/2014,2015-03-25,SupCo,2 As 82/2008,0082_2As__0800145A_prevedeno.txt,2009-06-02,SupAdmCo
rozhodnuti-28_Cdo_3025_2013.txt,28 Cdo 3025/2013,2014-05-07,SupCo,9 Afs 86/2008,0086_9Afs_0800089A_prevedeno.txt,2009-07-16,SupAdmCo
rozhodnuti-11_Tdo_1348_2015.txt,11 Tdo 1348/2015,2016-02-18,SupCo,2 As 125/2012-77,0125_2As__120_20131125171045_prevedeno.txt,2013-11-21,SupAdmCo
rozhodnuti-3_Tdo_1003_2018.txt,3 Tdo 1003/2018,2018-09-12,SupCo,11 Kss 2/2017-63,000211Kss_1700063_20170428161832_prevedeno.txt,2017-04-27,SupAdmCo
rozhodnuti-30_Cdo_1724_2006.txt,30 Cdo 1724/2006,2008-11-20,SupCo,7 As 58/2003-104,0058_7As__0300104A_prevedeno.txt,2004-11-14,SupAdmCo
rozhodnuti-23_Cdo_1692_2014.txt,23 Cdo 1692/2014,2015-06-25,SupCo,2 As 25/2007-118,0025_2As__0700118A_prevedeno.txt,2009-02-17,SupAdmCo
rozhodnuti-22_Cdo_766_2011.txt,22 Cdo 766/2011,2012-10-17,SupCo,5 As 62/2008,0062_5As__0800059A_prevedeno.txt,2009-09-11,SupAdmCo
rozhodnuti-29_Cdo_5782_2016.txt,29 Cdo 5782/2016,2017-07-31,SupCo,16 Kss 1/2017,000116Kss_1700183_20170622095050_prevedeno.txt,2017-05-24,SupAdmCo
rozhodnuti-30_Cdo_4084_2014.txt,30 Cdo 4084/2014,2015-02-25,SupCo,3 Ans 8/2005,0008_3Ans_0500052A_prevedeno.txt,2006-05-18,SupAdmCo
rozhodnuti-30_Cdo_124_2017.txt,30 Cdo 124/2017,2017-07-25,SupCo,7 As 95/2015,0095_7As__1500049_20150720151103_prevedeno.txt,2015-06-18,SupAdmCo
rozhodnuti-3_Tdo_326_2016.txt,3 Tdo 326/2016,2017-04-12,SupCo,4 Afs 210/2014,0210_4Afs_1400070_20160113090923_prevedeno.txt,2015-12-16,SupAdmCo
rozhodnuti-6_Tz_51_2016.txt,6 Tz 51/2016,2016-09-26,SupCo,9 Afs 28/2010,0028_9Afs_1000_bcc5e18d_bcd0_44a2_93f0_8a65add41a98_prevedeno.txt,2010-07-15,SupAdmCo
rozhodnuti-22_Cdo_709_2017.txt,22 Cdo 709/2017,2017-04-12,SupCo,3 Ads 26/2005-36,0026_3Ads_0500036A_prevedeno.txt,2006-01-04,SupAdmCo
rozhodnuti-22_Cdo_709_2017.txt,22 Cdo 709/2017,2017-04-12,SupCo,6 Azs 19/2003-45,0019_6Azs_0300045A_prevedeno.txt,2004-02-26,SupAdmCo
rozhodnuti-20_Cdo_4653_2016.txt,20 Cdo 4653/2016,2016-11-09,SupCo,6 Azs 19/2003-45,0019_6Azs_0300045A_prevedeno.txt,2004-02-26,SupAdmCo
rozhodnuti-30_Cdo_499_2016.txt,30 Cdo 499/2016,2018-02-21,SupCo,7 As 12/2009-73,0012_7As__0900073A_prevedeno.txt,2009-05-14,SupAdmCo
rozhodnuti-30_Cdo_1551_2009.txt,30 Cdo 1551/2009,2010-12-21,SupCo,2 As 62/2008-91,0062_2As__0800091A_prevedeno.txt,2008-12-16,SupAdmCo
rozhodnuti-30_Cdo_1551_2009.txt,30 Cdo 1551/2009,2010-12-21,SupCo,9 As 53/2010-81,0053_9As__100_20101119024550_prevedeno.txt,2010-11-16,SupAdmCo
rozhodnuti-29_Cdo_3418_2015.txt,29 Cdo 3418/2015,2017-09-27,SupCo,8 Afs 33/2007,0033_8Afs_0700047A_prevedeno.txt,2008-08-29,SupAdmCo
rozhodnuti-23_Cdo_1540_2017.txt,23 Cdo 1540/2017,2017-07-21,SupCo,7 As 56/2008-170,0056_7As__0800170A_prevedeno.txt,2009-04-09,SupAdmCo
rozhodnuti-30_Cdo_859_2017.txt,30 Cdo 859/2017,2018-08-28,SupCo,2 As 25/2007-118,0025_2As__0700118A_prevedeno.txt,2009-02-17,SupAdmCo
rozhodnuti-29_Cdo_6097_2017.txt,29 Cdo 6097/2017,2018-01-25,SupCo,8 Afs 33/2007,0033_8Afs_0700047A_prevedeno.txt,2008-08-29,SupAdmCo
rozhodnuti-23_Cdo_318_2009.txt,23 Cdo 318/2009,2010-12-01,SupCo,Konf 31/2007-82,0031_0Konf0700082A_prevedeno.txt,2008-05-21,SupAdmCo
rozhodnuti-20_Cdo_2444_2018.txt,20 Cdo 2444/2018,2018-09-11,SupCo,7 Afs 46/2010,0046_7Afs_1000_c5f175e4_0743_4a09_823f_5224141f4c1e_prevedeno.txt,2010-07-15,SupAdmCo
rozhodnuti-20_Cdo_2444_2018.txt,20 Cdo 2444/2018,2018-09-11,SupCo,7 Afs 5/2013,0005_7Afs_130_20131219095455_prevedeno.txt,2013-11-21,SupAdmCo
rozhodnuti-20_Cdo_2444_2018.txt,20 Cdo 2444/2018,2018-09-11,SupCo,3 Ads 100/2013,0100_3Ads_13_20140624121113_prevedeno.txt,2014-06-18,SupAdmCo
rozhodnuti-20_Cdo_2444_2018.txt,20 Cdo 2444/2018,2018-09-11,SupCo,8 As 109/2015,0109_8As__1500038_20160111154026_prevedeno.txt,2016-01-06,SupAdmCo
rozhodnuti-28_Cdo_1203_2011.txt,28 Cdo 1203/2011,2011-12-07,SupCo,8 Ao 1/2007-94,0001_8Ao__0700_f77f5c6c_bef6_4772_97ca_0fbb21b3b30f_prevedeno.txt,2010-05-26,SupAdmCo
rozhodnuti-7_Tdo_126_2018.txt,7 Tdo 126/2018,2018-05-23,SupCo,5 Afs 60/2017,0060_5Afs_1700060_20180205134356_20180207104017_prevedeno.txt,2018-01-30,SupAdmCo
rozhodnuti-6_Tdo_773_2016.txt,6 Tdo 773/2016,2016-06-21,SupCo,2 As 45/2010,0045_2As__100_20111216021304_prevedeno.txt,2011-11-18,SupAdmCo
rozhodnuti-30_Cdo_1969_2013.txt,30 Cdo 1969/2013,2013-10-23,SupCo,7 Afs 50/2010-60,0050_7Afs_1000_0252acfa_e2b0_4a86_a47c_8b8933afd0c0_prevedeno.txt,2010-07-01,SupAdmCo
rozhodnuti-25_Cdo_1610_2014.txt,25 Cdo 1610/2014,2014-09-30,SupCo,2 Aos 1/2013,0001_2Aos_13_20130730104353_prevedeno.txt,2013-07-24,SupAdmCo
rozhodnuti-25_Cdo_1610_2014.txt,25 Cdo 1610/2014,2014-09-30,SupCo,6 As 95/2014,0095_6As__140_20140704132753_prevedeno.txt,2014-06-25,SupAdmCo
rozhodnuti-21_Cdo_3613_2015.txt,21 Cdo 3613/2015,2017-01-19,SupCo,3 Ads 119/2010,0119_3Ads_100_20101210095222_prevedeno.txt,2010-12-09,SupAdmCo
rozhodnuti-8_Tdo_383_2016.txt,8 Tdo 383/2016,2016-10-11,SupCo,4 Afs 210/2014,0210_4Afs_1400070_20160113090923_prevedeno.txt,2015-12-16,SupAdmCo
rozhodnuti-3_Tdo_636_2017.txt,3 Tdo 636/2017,2017-07-26,SupCo,4 Afs 210/2014,0210_4Afs_1400070_20160113090923_prevedeno.txt,2015-12-16,SupAdmCo
rozhodnuti-3_Tdo_636_2017.txt,3 Tdo 636/2017,2017-07-26,SupCo,5 Afs 28/2013,0028_5Afs_130_20140423161555_prevedeno.txt,2014-03-28,SupAdmCo
rozhodnuti-28_Cdo_4453_2015.txt,28 Cdo 4453/2015,2017-08-21,SupCo,4 Ans 3/2006-123,0003_4Ans_0600123A_prevedeno.txt,2007-02-21,SupAdmCo
rozhodnuti-30_Cdo_5848_2016.txt,30 Cdo 5848/2016,2018-05-09,SupCo,2 As 58/2007,0058_2As__0700052A_prevedeno.txt,2008-02-19,SupAdmCo
rozhodnuti-30_Cdo_5848_2016.txt,30 Cdo 5848/2016,2018-05-09,SupCo,9 Aps 9/2012,0009_9Aps_12_20130114095547_prevedeno.txt,2013-01-09,SupAdmCo
rozhodnuti-30_Cdo_919_2007.txt,30 Cdo 919/2007,2009-03-25,SupCo,Konf 21/2007-107,0021_0Konf0700107A_prevedeno.txt,2008-11-05,SupAdmCo
rozhodnuti-6_Tdo_1443_2008.txt,6 Tdo 1443/2008,2008-11-27,SupCo,4 As 24/2008,0024_4As__0800077A_prevedeno.txt,2008-04-25,SupAdmCo
rozhodnuti-33_Cdo_4953_2009.txt,33 Cdo 4953/2009,2011-01-31,SupCo,Konf 38/2009,0038_0Konf0900012A_prevedeno.txt,2009-09-14,SupAdmCo
rozhodnuti-28_Cdo_573_2016.txt,28 Cdo 573/2016,2017-04-11,SupCo,5 Afs 206/2015-23,0206_5Afs_1500023_20160108091330_prevedeno.txt,2016-01-06,SupAdmCo
rozhodnuti-28_Cdo_349_2017.txt,28 Cdo 349/2017,2017-04-27,SupCo,2 Ao 1/2008,0001_2Ao__0800051A_prevedeno.txt,2008-03-28,SupAdmCo
rozhodnuti-32_Cdo_267_2015.txt,32 Cdo 267/2015,2015-04-27,SupCo,1 Afs 76/2013,0076_1Afs_130_20140207135658_prevedeno.txt,2014-01-21,SupAdmCo
rozhodnuti-22_Cdo_166_2017.txt,22 Cdo 166/2017,2017-12-05,SupCo,5 Ads 1/2004,0001_5Ads_0400063A_prevedeno.txt,2004-05-20,SupAdmCo
rozhodnuti-22_Cdo_166_2017.txt,22 Cdo 166/2017,2017-12-05,SupCo,1 As 23/2009,0023_1As__0900103A_prevedeno.txt,2010-09-09,SupAdmCo
rozhodnuti-7_Tdo_700_2015.txt,7 Tdo 700/2015,2015-07-22,SupCo,7 Afs 73/2012,0073_7Afs_120_20130502105022_prevedeno.txt,2013-04-04,SupAdmCo
rozhodnuti-28_Cdo_4410_2010.txt,28 Cdo 4410/2010,2011-01-12,SupCo,Konf 117/2009,0117_0Konf0900_b1720a7c_1d6a_4eba_ae22_294bf079d1b5_prevedeno.txt,2010-04-27,SupAdmCo
rozhodnuti-28_Cdo_4410_2010.txt,28 Cdo 4410/2010,2011-01-12,SupCo,Konf 132/2005,013211Konf0500007A_prevedeno.txt,2006-06-30,SupAdmCo
rozhodnuti-25_Cdo_2802_2007.txt,25 Cdo 2802/2007,2008-04-17,SupCo,3 As 22/2006,0019_8As__1200001_prevedeno.txt,2007-07-04,SupAdmCo
rozhodnuti-29_Cdo_4828_2017.txt,29 Cdo 4828/2017,2018-05-30,SupCo,1 Afs 73/2006,0073_1Afs_0600055A_prevedeno.txt,2006-11-30,SupAdmCo
rozhodnuti-29_Cdo_3729_2014.txt,29 Cdo 3729/2014,2014-09-30,SupCo,5 Afs 59/2007-72,0059_5Afs_0700072A_prevedeno.txt,2008-04-10,SupAdmCo
rozhodnuti-28_Cdo_2491_2015.txt,28 Cdo 2491/2015,2016-04-01,SupCo,3 Ao 9/2011-219,0009_3Ao__1100219A_prevedeno.txt,2013-06-11,SupAdmCo
rozhodnuti-30_Cdo_789_2013.txt,30 Cdo 789/2013,2014-05-21,SupCo,Konf 22/2013-7,0022_0Konf130_20140225152847_prevedeno.txt,2014-02-20,SupAdmCo
rozhodnuti-4_Tdo_1359_2016.txt,4 Tdo 1359/2016,2017-02-28,SupCo,5 Afs 28/2013,0028_5Afs_130_20140423161555_prevedeno.txt,2014-03-28,SupAdmCo
rozhodnuti-4_Tdo_1359_2016.txt,4 Tdo 1359/2016,2017-02-28,SupCo,4 Afs 210/2014,0210_4Afs_1400070_20160113090923_prevedeno.txt,2015-12-16,SupAdmCo
rozhodnuti-20_Cdo_2513_2008.txt,20 Cdo 2513/2008,2010-08-17,SupCo,1 Afs 18/2005,0018_1Afs_0500064A_prevedeno.txt,2006-02-08,SupAdmCo
rozhodnuti-3_Tdo_729_2009.txt,3 Tdo 729/2009,2009-12-09,SupCo,8 Azs 33/2006-63,0033_8Azs_0600063A_prevedeno.txt,2007-02-19,SupAdmCo
rozhodnuti-29_Cdo_4189_2016.txt,29 Cdo 4189/2016,2018-08-30,SupCo,5 As 87/2015,0087_5As__1500022_20151215160757_prevedeno.txt,2015-12-11,SupAdmCo
rozhodnuti-23_Cdo_2669_2013.txt,23 Cdo 2669/2013,2014-01-29,SupCo,Konf 132/2005,013211Konf0500007A_prevedeno.txt,2006-06-30,SupAdmCo
rozhodnuti-30_Cdo_3832_2013.txt,30 Cdo 3832/2013,2014-06-18,SupCo,Konf 22/2013-7,0022_0Konf130_20140225152847_prevedeno.txt,2014-02-20,SupAdmCo
rozhodnuti-30_Cdo_388_2012.txt,30 Cdo 388/2012,2012-08-21,SupCo,Aprk 6/2010-61,0006_0Aprk100_20101129085839_prevedeno.txt,2010-02-24,SupAdmCo
rozhodnuti-Plsn_1_2015.txt,Plsn 1/2015,2017-01-05,SupCo,5 Afs 76/2012,0076_5Afs_120_20130528160432_prevedeno.txt,2013-05-16,SupAdmCo
rozhodnuti-Plsn_1_2015.txt,Plsn 1/2015,2017-01-05,SupCo,1 Afs 133/2006,0133_1Afs_0600048A_prevedeno.txt,2007-04-25,SupAdmCo
rozhodnuti-Plsn_1_2015.txt,Plsn 1/2015,2017-01-05,SupCo,9 As 90/2008,0090_9As__0800070A_prevedeno.txt,2009-09-23,SupAdmCo
rozhodnuti-Plsn_1_2015.txt,Plsn 1/2015,2017-01-05,SupCo,7 As 169/2012,0169_7As__120_20121228111042_prevedeno.txt,2012-11-30,SupAdmCo
rozhodnuti-30_Cdo_609_2016.txt,30 Cdo 609/2016,2016-03-30,SupCo,1 As 23/2009,0023_1As__0900103A_prevedeno.txt,2010-09-09,SupAdmCo
rozhodnuti-5_Tdo_1177_2015.txt,5 Tdo 1177/2015,2015-11-04,SupCo,4 Afs 119/2015,0119_4Afs_1500033_20150826140633_prevedeno.txt,2015-07-30,SupAdmCo
rozhodnuti-5_Tdo_1177_2015.txt,5 Tdo 1177/2015,2015-11-04,SupCo,5 Afs 162/2014,0162_5Afs_1400035_20150715130533_prevedeno.txt,2015-07-13,SupAdmCo
rozhodnuti-8_Tdo_902_2014.txt,8 Tdo 902/2014,2014-08-20,SupCo,2 As 78/2006-64,0078_2As__0600064A_prevedeno.txt,2007-05-16,SupAdmCo
rozhodnuti-15_Tdo_902_2013.txt,15 Tdo 902/2013,2014-01-08,SupCo,5 Afs 20/2010-353,0020_5Afs_100_20110408100244_prevedeno.txt,2011-03-24,SupAdmCo
rozhodnuti-15_Tdo_902_2013.txt,15 Tdo 902/2013,2014-01-08,SupCo,5 Afs 20/2010,0020_5Afs_100_20110408100244_prevedeno.txt,2011-03-24,SupAdmCo
rozhodnuti-30_Cdo_3292_2015.txt,30 Cdo 3292/2015,2017-08-08,SupCo,5 As 85/2015-36,0085_5As__1500036_20160815154324_prevedeno.txt,2016-07-27,SupAdmCo
rozhodnuti-5_Tdo_1602_2014.txt,5 Tdo 1602/2014,2015-01-21,SupCo,4 Afs 59/2014,0059_4Afs_14_20140908095630_prevedeno.txt,2014-08-21,SupAdmCo
rozhodnuti-28_Cdo_915_2006.txt,28 Cdo 915/2006,2006-12-12,SupCo,Konf 123/2003,012311Konf0300007A_prevedeno.txt,2004-06-22,SupAdmCo
rozhodnuti-29_Cdo_1051_2008.txt,29 Cdo 1051/2008,2010-05-20,SupCo,7 Afs 11/2006,0011_7Afs_0600088A_prevedeno.txt,2007-04-27,SupAdmCo
rozhodnuti-32_Cdo_288_2018.txt,32 Cdo 288/2018,2018-06-19,SupCo,7 Afs 4/2008-64,0004_7Afs_0800064A_prevedeno.txt,2009-01-16,SupAdmCo
rozhodnuti-32_Cdo_288_2018.txt,32 Cdo 288/2018,2018-06-19,SupCo,5 Afs 68/2009-113,0068_5Afs_0900_5e911f55_c161_402d_b0b3_e945f32a5ce9_prevedeno.txt,2010-02-01,SupAdmCo
rozhodnuti-32_Cdo_288_2018.txt,32 Cdo 288/2018,2018-06-19,SupCo,5 Afs 24/2016-40,0024_5Afs_1600040_20160901082222_prevedeno.txt,2016-08-30,SupAdmCo
rozhodnuti-8_Tdo_1079_2016.txt,8 Tdo 1079/2016,2017-02-23,SupCo,4 Afs 210/2014,0210_4Afs_1400070_20160113090923_prevedeno.txt,2015-12-16,SupAdmCo
rozhodnuti-33_Cdo_1666_2015.txt,33 Cdo 1666/2015,2015-09-29,SupCo,1 As 23/2009,0023_1As__0900103A_prevedeno.txt,2010-09-09,SupAdmCo
rozhodnuti-8_Tdo_395_2018.txt,8 Tdo 395/2018,2018-05-16,SupCo,Afs 69/2007,0069_7Afs_0700085A_prevedeno.txt,2009-02-26,SupAdmCo
rozhodnuti-8_Tdo_395_2018.txt,8 Tdo 395/2018,2018-05-16,SupCo,Afs 56/2008,0056_7Afs_0800247A_prevedeno.txt,2009-05-20,SupAdmCo
rozhodnuti-8_Tdo_395_2018.txt,8 Tdo 395/2018,2018-05-16,SupCo,9 Afs 11/2010,0011_9Afs_1000_20101011092907_prevedeno.txt,2010-11-06,SupAdmCo
rozhodnuti-8_Tdo_395_2018.txt,8 Tdo 395/2018,2018-05-16,SupCo,7 Afs 69/2007,0069_7Afs_0700085A_prevedeno.txt,2009-02-26,SupAdmCo
rozhodnuti-8_Tdo_395_2018.txt,8 Tdo 395/2018,2018-05-16,SupCo,9 Afs 59/2008,0059_9Afs_0800080A_prevedeno.txt,2009-04-23,SupAdmCo
rozhodnuti-28_Cdo_685_2015.txt,28 Cdo 685/2015,2016-01-07,SupCo,Konf 77/2011-5,0077_0Konf110_20111101053941_prevedeno.txt,2011-11-05,SupAdmCo
rozhodnuti-33_Cdo_930_2014.txt,33 Cdo 930/2014,2014-03-26,SupCo,3 Ads 146/2010-71,0146_3Ads_100_20101202022907_prevedeno.txt,2010-12-01,SupAdmCo
rozhodnuti-32_Cdo_2484_2012.txt,32 Cdo 2484/2012,2013-12-10,SupCo,6 As 1/2008,0001_6As__0800048A_prevedeno.txt,2008-11-20,SupAdmCo
rozhodnuti-32_Cdo_2484_2012.txt,32 Cdo 2484/2012,2013-12-10,SupCo,9 Afs 20/2010,0020_9Afs_1000_9c72a4bf_67b6_4dbe_84b1_4494751a4517_prevedeno.txt,2010-08-12,SupAdmCo
rozhodnuti-32_Cdo_2484_2012.txt,32 Cdo 2484/2012,2013-12-10,SupCo,9 Afs 21/2010,0021_9Afs_1000_5ece7c3a_0df4_42bf_8683_18ae20eb470e_prevedeno.txt,2010-08-12,SupAdmCo
rozhodnuti-26_Cdo_1125_2015.txt,26 Cdo 1125/2015,2015-07-01,SupCo,5 Afs 48/2007-173,0048_5Afs_0700_91965b5f_4efc_44fe_9fae_ff2bc5e507e3_prevedeno.txt,2010-02-25,SupAdmCo
rozhodnuti-4_Tdo_471_2018.txt,4 Tdo 471/2018,2018-04-25,SupCo,1 As 34/2010-73,0034_1As__1000073A_prevedeno.txt,2010-09-09,SupAdmCo
rozhodnuti-30_Cdo_3800_2016.txt,30 Cdo 3800/2016,2017-04-26,SupCo,1 Aos 7/2013,0007_1Aos_13_20140331113238_prevedeno.txt,2014-03-19,SupAdmCo
rozhodnuti-30_Cdo_3079_2016.txt,30 Cdo 3079/2016,2018-09-11,SupCo,5 As 85/2015-36,0085_5As__1500036_20160815154324_prevedeno.txt,2016-07-27,SupAdmCo
rozhodnuti-21_Cdo_5715_2017.txt,21 Cdo 5715/2017,2018-06-13,SupCo,3 Ads 119/2010,0119_3Ads_100_20101210095222_prevedeno.txt,2010-12-09,SupAdmCo
rozhodnuti-29_Cdo_2340_2014.txt,29 Cdo 2340/2014,2015-01-22,SupCo,1 As 23/2009,0023_1As__0900103A_prevedeno.txt,2010-09-09,SupAdmCo
rozhodnuti-20_Nd_311_2017.txt,20 Nd 311/2017,2017-09-26,SupCo,9 Ads 196/2017-34,0196_9Ads_1700034_20170808111446_prevedeno.txt,2017-08-08,SupAdmCo
rozhodnuti-30_Cdo_1711_2015.txt,30 Cdo 1711/2015,2015-11-16,SupCo,1 As 36/2009-88,0036_1As__0900088A_prevedeno.txt,2009-05-21,SupAdmCo
rozhodnuti-20_Cdo_2602_2011.txt,20 Cdo 2602/2011,2011-09-22,SupCo,Konf 27/2008-7,0027_0Konf0800007A_prevedeno.txt,2008-09-09,SupAdmCo
rozhodnuti-20_Cdo_2602_2011.txt,20 Cdo 2602/2011,2011-09-22,SupCo,Konf 38/2009-12,0038_0Konf0900012A_prevedeno.txt,2009-09-14,SupAdmCo
rozhodnuti-25_Cdo_3444_2013.txt,25 Cdo 3444/2013,2015-10-27,SupCo,1 Ao 1/2005,0001_1Ao__0500098A_prevedeno.txt,2005-09-27,SupAdmCo
rozhodnuti-29_Odo_730_2004.txt,29 Odo 730/2004,2006-05-31,SupCo,4 Afs 4/2003-60,0004_4Afs_0300060A_prevedeno.txt,2005-02-24,SupAdmCo
rozhodnuti-33_Cdo_1136_2014.txt,33 Cdo 1136/2014,2014-11-26,SupCo,1 As 23/2009-95,0023_1As__0900_43c992a2_b861_4e5f_8dd2_917c602f2396_prevedeno.txt,2010-08-24,SupAdmCo
rozhodnuti-29_Cdo_3652_2012.txt,29 Cdo 3652/2012,2014-07-30,SupCo,8 Afs 33/2007,0033_8Afs_0700047A_prevedeno.txt,2008-08-29,SupAdmCo
rozhodnuti-22_Cdo_157_2015.txt,22 Cdo 157/2015,2015-04-29,SupCo,2 As 74/2007-55,0074_2As__0700055A_prevedeno.txt,2008-05-07,SupAdmCo
rozhodnuti-30_Cdo_2948_2016.txt,30 Cdo 2948/2016,2018-06-19,SupCo,1 As 20/2012-33,0020_1As__120_20120302124607_prevedeno.txt,2012-02-15,SupAdmCo
rozhodnuti-29_NSCR_180_2016.txt,29 NSCR 180/2016,2018-09-27,SupCo,5 As 203/2014-34,0203_5As__1400034_20150608123222_prevedeno.txt,2015-05-29,SupAdmCo
rozhodnuti-5_Tdo_868_2014.txt,5 Tdo 868/2014,2014-10-08,SupCo,5 Afs 77/2010,0077_5Afs_10_20111027100634_prevedeno.txt,2011-11-19,SupAdmCo
rozhodnuti-5_Tdo_555_2014.txt,5 Tdo 555/2014,2014-05-28,SupCo,8 As 89/2011,0089_8As__110_20120306041133_prevedeno.txt,2012-02-17,SupAdmCo
rozhodnuti-8_Tz_20_2014.txt,8 Tz 20/2014,2014-07-16,SupCo,9 Afs 28/2010,0028_9Afs_1000_bcc5e18d_bcd0_44a2_93f0_8a65add41a98_prevedeno.txt,2010-07-15,SupAdmCo
rozhodnuti-4_Tdo_1230_2015.txt,4 Tdo 1230/2015,2015-11-10,SupCo,1 Afs 147/2005,0147_1Afs_0500107A_prevedeno.txt,2006-05-24,SupAdmCo
rozhodnuti-5_Tdo_466_2013.txt,5 Tdo 466/2013,2013-08-07,SupCo,2 Afs 39/2004,0039_2Afs_0400062A_prevedeno.txt,2004-07-15,SupAdmCo
rozhodnuti-8_Tdo_203_2013.txt,8 Tdo 203/2013,2013-03-27,SupCo,1 As 90/2010,0090_1As__100_20110103073017_prevedeno.txt,2010-12-16,SupAdmCo
rozhodnuti-22_Cdo_4891_2016.txt,22 Cdo 4891/2016,2016-12-13,SupCo,Konf 126/2008-15,0126_0Konf0800015A_prevedeno.txt,2009-04-27,SupAdmCo
rozhodnuti-7_Tdo_798_2015.txt,7 Tdo 798/2015,2015-09-30,SupCo,6 As 218/2014,0218_6As__1400034_20150105113224_prevedeno.txt,2014-12-15,SupAdmCo
rozhodnuti-7_Tdo_798_2015.txt,7 Tdo 798/2015,2015-09-30,SupCo,9 As 261/2014,0261_9As__1400044_20150716155446_prevedeno.txt,2015-07-16,SupAdmCo
rozhodnuti-30_Cdo_2470_2012.txt,30 Cdo 2470/2012,2013-01-09,SupCo,6 As 29/2003,0029_6As__0300097A_prevedeno.txt,2003-11-30,SupAdmCo
rozhodnuti-5_Tdo_1534_2017.txt,5 Tdo 1534/2017,2018-09-19,SupCo,4 Afs 210/2014,0210_4Afs_1400070_20160113090923_prevedeno.txt,2015-12-16,SupAdmCo
rozhodnuti-30_Cdo_2547_2014.txt,30 Cdo 2547/2014,2016-05-31,SupCo,6 Aps 3/2011,0003_6Aps_110_20111212025245_prevedeno.txt,2011-11-23,SupAdmCo
rozhodnuti-28_Cdo_4336_2016.txt,28 Cdo 4336/2016,2017-03-15,SupCo,1 Ans 3/2012-34,0003_1Ans_12_20120802115147_prevedeno.txt,2012-07-11,SupAdmCo
rozhodnuti-28_Cdo_4336_2016.txt,28 Cdo 4336/2016,2017-03-15,SupCo,2 As 8/2013-11,0008_2As__130_20130320135426_prevedeno.txt,2013-03-08,SupAdmCo
rozhodnuti-28_Cdo_4336_2016.txt,28 Cdo 4336/2016,2017-03-15,SupCo,Konf 2/2014-17,0002_0Konf1400017_20150331152402_prevedeno.txt,2015-03-12,SupAdmCo
rozhodnuti-32_Cdo_2713_2013.txt,32 Cdo 2713/2013,2015-09-15,SupCo,1 As 149/2013,0149_1As__13_20140527072117_prevedeno.txt,2014-05-14,SupAdmCo
rozhodnuti-Konf_29_2005.txt,Konf 29/2005,2005-11-03,SupCo,Konf 79/2004,007911Konf0400019A_prevedeno.txt,2005-01-26,SupAdmCo
rozhodnuti-22_Cdo_2764_2017.txt,22 Cdo 2764/2017,2017-08-02,SupCo,4 As 61/2014-48,0061_4As__140_20140716141525_prevedeno.txt,2014-06-30,SupAdmCo
rozhodnuti-30_Cdo_2861_2006.txt,30 Cdo 2861/2006,2007-01-03,SupCo,5 As 11/2003-50,0011_5As__0300050A_prevedeno.txt,2004-11-12,SupAdmCo
rozhodnuti-30_Cdo_2861_2006.txt,30 Cdo 2861/2006,2007-01-03,SupCo,Konf 125/2005-6,012511Konf0500006A_prevedeno.txt,2006-01-03,SupAdmCo
rozhodnuti-30_Cdo_2861_2006.txt,30 Cdo 2861/2006,2007-01-03,SupCo,3 As 8/2003-44,0008_3As__0300044A_prevedeno.txt,2003-11-19,SupAdmCo
rozhodnuti-30_Cdo_2861_2006.txt,30 Cdo 2861/2006,2007-01-03,SupCo,Konf 81/2004-12,008111Konf0400012A_prevedeno.txt,2005-05-05,SupAdmCo
rozhodnuti-28_Cdo_3713_2008.txt,28 Cdo 3713/2008,2011-03-03,SupCo,3 As 49/2006,0049_3As__0600131A_prevedeno.txt,2007-03-14,SupAdmCo
rozhodnuti-5_Tdo_209_2011.txt,5 Tdo 209/2011,2011-03-30,SupCo,5 As 34/2003,0034_5As__0300047A_prevedeno.txt,2004-05-31,SupAdmCo
rozhodnuti-30_Cdo_4318_2011.txt,30 Cdo 4318/2011,2012-08-21,SupCo,3 As 50/2003-57,0050_3As__0300057A_prevedeno.txt,2004-11-10,SupAdmCo
rozhodnuti-4_Tdo_398_2016.txt,4 Tdo 398/2016,2016-04-26,SupCo,8 As 55/2015,0055_8As__1500026_20150729120427_prevedeno.txt,2015-07-24,SupAdmCo
rozhodnuti-4_Tdo_398_2016.txt,4 Tdo 398/2016,2016-04-26,SupCo,4 As 76/2015-37,0076_4As__1500037_20150601125131_prevedeno.txt,2015-05-20,SupAdmCo
rozhodnuti-30_Cdo_2715_2013.txt,30 Cdo 2715/2013,2014-01-22,SupCo,7 As 29/2013-24,0029_7As__130_20131205091125_prevedeno.txt,2013-11-07,SupAdmCo
rozhodnuti-30_Cdo_2715_2013.txt,30 Cdo 2715/2013,2014-01-22,SupCo,2 As 46/2006-100,0046_2As__0600100A_prevedeno.txt,2007-11-30,SupAdmCo
rozhodnuti-21_Cdo_667_2011.txt,21 Cdo 667/2011,2012-04-24,SupCo,6 Ads 181/2009-191,0181_6Ads_0900191A_prevedeno.txt,2010-06-03,SupAdmCo
rozhodnuti-33_Cdo_2269_2012.txt,33 Cdo 2269/2012,2013-03-27,SupCo,2 Afs 181/2004-53,0181_2Afs_0400053A_prevedeno.txt,2005-08-25,SupAdmCo
rozhodnuti-30_Cdo_1200_2014.txt,30 Cdo 1200/2014,2014-09-23,SupCo,4 Ads 153/2011-75,0153_4Ads_1100_20120502011835_prevedeno.txt,2012-04-30,SupAdmCo
rozhodnuti-30_Cdo_3306_2016.txt,30 Cdo 3306/2016,2016-11-08,SupCo,7 As 40/2004,0040_7As__0400097A_prevedeno.txt,2005-01-12,SupAdmCo
rozhodnuti-28_Cdo_2680_2017.txt,28 Cdo 2680/2017,2017-10-04,SupCo,4 As 126/2013,0126_4As__130_20140114125438_prevedeno.txt,2013-12-17,SupAdmCo
rozhodnuti-21_Cdo_5483_2016.txt,21 Cdo 5483/2016,2017-06-28,SupCo,2 As 100/2015,0100_2As__1500037_20150807123601_prevedeno.txt,2015-08-04,SupAdmCo
rozhodnuti-6_Tdo_413_2006.txt,6 Tdo 413/2006,2006-04-27,SupCo,2 As 28/2004-31,0028_2As__0400031A_prevedeno.txt,2004-12-09,SupAdmCo
rozhodnuti-30_Cdo_1435_2004.txt,30 Cdo 1435/2004,2005-05-31,SupCo,Konf 92/2003-18,009211Konf0300018A_prevedeno.txt,2004-07-09,SupAdmCo
rozhodnuti-33_Odo_926_2006.txt,33 Odo 926/2006,2008-08-29,SupCo,Konf 31/2007-82,0031_0Konf0700082A_prevedeno.txt,2008-05-21,SupAdmCo
rozhodnuti-30_Cdo_5042_2015.txt,30 Cdo 5042/2015,2017-12-13,SupCo,5 Azs 94/2005,0094_5Azs_0500052A_prevedeno.txt,2005-07-14,SupAdmCo
rozhodnuti-32_Cdo_3751_2014.txt,32 Cdo 3751/2014,2015-10-20,SupCo,1 As 149/2013,0149_1As__13_20140527072117_prevedeno.txt,2014-05-14,SupAdmCo
rozhodnuti-21_Cdo_3009_2014.txt,21 Cdo 3009/2014,2015-01-21,SupCo,5 Ads 1/2004,0001_5Ads_0400063A_prevedeno.txt,2004-05-20,SupAdmCo
rozhodnuti-22_Cdo_1544_2018.txt,22 Cdo 1544/2018,2018-05-30,SupCo,4 As 68/2008,0068_4As__0800138A_prevedeno.txt,2009-05-06,SupAdmCo
rozhodnuti-28_Cdo_2774_2010.txt,28 Cdo 2774/2010,2011-02-23,SupCo,Konf 132/2005-7,013211Konf0500007A_prevedeno.txt,2006-06-30,SupAdmCo
rozhodnuti-5_Tdo_236_2013.txt,5 Tdo 236/2013,2013-04-24,SupCo,7 As 13/2009,0013_7As__0900046A_prevedeno.txt,2009-06-25,SupAdmCo
rozhodnuti-30_Cdo_4399_2015.txt,30 Cdo 4399/2015,2017-09-26,SupCo,1 Afs 96/2009-87,0096_1Afs_0900_f3eb4aee_8bb2_4701_94cd_d4e415ff6092_prevedeno.txt,2010-07-21,SupAdmCo
rozhodnuti-28_Cdo_2880_2016.txt,28 Cdo 2880/2016,2017-04-05,SupCo,1 As 81/2014-73,0081_1As__1400073_20141104101942_prevedeno.txt,2014-11-21,SupAdmCo
rozhodnuti-30_Cdo_5505_2015.txt,30 Cdo 5505/2015,2016-02-24,SupCo,6 As 23/2013,0023_6As__130_20130411132722_prevedeno.txt,2013-04-03,SupAdmCo
rozhodnuti-32_Cdo_3616_2016.txt,32 Cdo 3616/2016,2016-11-08,SupCo,9 Afs 7/2012,0007_9Afs_12_20120424125052_prevedeno.txt,2012-04-12,SupAdmCo
rozhodnuti-32_Cdo_3616_2016.txt,32 Cdo 3616/2016,2016-11-08,SupCo,1 As 52/2013,0052_1As__13_20130912111025_prevedeno.txt,2013-08-22,SupAdmCo
rozhodnuti-32_Cdo_3616_2016.txt,32 Cdo 3616/2016,2016-11-08,SupCo,4 Afs 30/2016,0030_4Afs_1600025_20160630075343_prevedeno.txt,2016-06-15,SupAdmCo
rozhodnuti-30_Cdo_2250_2012.txt,30 Cdo 2250/2012,2013-04-25,SupCo,8 As 49/2009-113,0049_8As__0900113A_prevedeno.txt,2009-08-31,SupAdmCo
rozhodnuti-30_Cdo_2250_2012.txt,30 Cdo 2250/2012,2013-04-25,SupCo,8 As 22/2010-91,0022_8As__1000_c5c85b0c_fb3d_4a94_9ee5_0e8e468add27_prevedeno.txt,2010-03-24,SupAdmCo
rozhodnuti-30_Cdo_2250_2012.txt,30 Cdo 2250/2012,2013-04-25,SupCo,1 Afs 107/2004-48,0107_1Afs_0400048A_prevedeno.txt,2005-11-10,SupAdmCo
rozhodnuti-30_Cdo_2362_2015.txt,30 Cdo 2362/2015,2016-02-24,SupCo,1 As 40/2005,0040_1As__0500062A_prevedeno.txt,2006-05-03,SupAdmCo
rozhodnuti-3_Tdo_441_2014.txt,3 Tdo 441/2014,2014-04-16,SupCo,8 As 89/2011,0089_8As__110_20120306041133_prevedeno.txt,2012-02-17,SupAdmCo
rozhodnuti-3_Tdo_441_2014.txt,3 Tdo 441/2014,2014-04-16,SupCo,9 Afs 28/2010,0028_9Afs_1000_bcc5e18d_bcd0_44a2_93f0_8a65add41a98_prevedeno.txt,2010-07-15,SupAdmCo
rozhodnuti-23_Cdo_1230_2015.txt,23 Cdo 1230/2015,2015-09-16,SupCo,1 Afs 76/2013,0076_1Afs_130_20140207135658_prevedeno.txt,2014-01-21,SupAdmCo
rozhodnuti-30_Cdo_4714_2014.txt,30 Cdo 4714/2014,2015-02-12,SupCo,1 Afs 38/2010,0038_1Afs_1000100A_prevedeno.txt,2010-07-21,SupAdmCo
rozhodnuti-33_Cdo_3519_2007.txt,33 Cdo 3519/2007,2010-01-28,SupCo,Konf 38/2009,0038_0Konf0900012A_prevedeno.txt,2009-09-14,SupAdmCo
rozhodnuti-32_Cdo_294_2015.txt,32 Cdo 294/2015,2015-06-10,SupCo,1 As 23/2009,0023_1As__0900103A_prevedeno.txt,2010-09-09,SupAdmCo
rozhodnuti-29_Cdo_1376_2014.txt,29 Cdo 1376/2014,2016-06-30,SupCo,9 As 186/2014,0186_9As__1400050_20150605103903_prevedeno.txt,2015-06-04,SupAdmCo
rozhodnuti-29_Cdo_1376_2014.txt,29 Cdo 1376/2014,2016-06-30,SupCo,4 As 83/2014,0083_4As__14_20140813160142_prevedeno.txt,2014-07-24,SupAdmCo
rozhodnuti-29_Cdo_1376_2014.txt,29 Cdo 1376/2014,2016-06-30,SupCo,2 Afs 23/2016,0023_2Afs_1600034_20160518090447_prevedeno.txt,2016-04-21,SupAdmCo
rozhodnuti-29_Cdo_1376_2014.txt,29 Cdo 1376/2014,2016-06-30,SupCo,2 Afs 173/2006,0173_2Afs_0600077A_prevedeno.txt,2007-09-19,SupAdmCo
rozhodnuti-29_Cdo_1376_2014.txt,29 Cdo 1376/2014,2016-06-30,SupCo,Komp 5/2011,0005_0Komp110_20111010105122_prevedeno.txt,2011-09-22,SupAdmCo
rozhodnuti-29_Cdo_1376_2014.txt,29 Cdo 1376/2014,2016-06-30,SupCo,Komp 3/2010,0003_0Komp100_20110707012547_prevedeno.txt,2011-06-02,SupAdmCo
rozhodnuti-29_Cdo_1376_2014.txt,29 Cdo 1376/2014,2016-06-30,SupCo,4 As 242/2015,0242_4As__1500038_20160321151341_prevedeno.txt,2016-03-16,SupAdmCo
rozhodnuti-32_Cdo_3047_2014.txt,32 Cdo 3047/2014,2015-02-24,SupCo,1 As 23/2009,0023_1As__0900103A_prevedeno.txt,2010-09-09,SupAdmCo
rozhodnuti-24_Co_412_2014.txt,24 Co 412/2014,2014-11-19,SupCo,Konf 38/2012-32,0038_0Konf120_20130412100357_prevedeno.txt,2013-03-19,SupAdmCo
rozhodnuti-4_Tdo_747_2017.txt,4 Tdo 747/2017,2017-06-27,SupCo,4 Afs 210/2014,0210_4Afs_1400070_20160113090923_prevedeno.txt,2015-12-16,SupAdmCo
rozhodnuti-22_Cdo_5562_2015.txt,22 Cdo 5562/2015,2017-11-29,SupCo,2 As 44/2011,0044_2As__110_20110519094756_prevedeno.txt,2011-05-16,SupAdmCo
rozhodnuti-30_Cdo_3145_2006.txt,30 Cdo 3145/2006,2008-09-30,SupCo,Konf 64/2005,006411Konf0500033A_prevedeno.txt,2006-08-14,SupAdmCo
rozhodnuti-29_Cdo_4470_2015.txt,29 Cdo 4470/2015,2018-06-27,SupCo,8 Afs 33/2007,0033_8Afs_0700047A_prevedeno.txt,2008-08-29,SupAdmCo
rozhodnuti-6_Tdo_731_2008.txt,6 Tdo 731/2008,2008-10-30,SupCo,2 Azs 442/2004,0442_2Azs_0400037A_prevedeno.txt,2005-12-01,SupAdmCo
rozhodnuti-32_Cdo_4755_2017.txt,32 Cdo 4755/2017,2018-01-23,SupCo,Konf 93/2011-9,0093_0Konf110_20120426093933_prevedeno.txt,2012-03-20,SupAdmCo
rozhodnuti-32_Cdo_4755_2017.txt,32 Cdo 4755/2017,2018-01-23,SupCo,Konf 26/2014-18,0026_0Konf1400018_20150721144618_prevedeno.txt,2015-07-14,SupAdmCo
rozhodnuti-6_Tdo_840_2016.txt,6 Tdo 840/2016,2016-06-22,SupCo,2 As 165/2014-27,0165_2As__1400027_20150414110113_prevedeno.txt,2015-03-31,SupAdmCo
rozhodnuti-6_Tdo_840_2016.txt,6 Tdo 840/2016,2016-06-22,SupCo,7 As 53/2011-77,0053_7As__110_20110927021804_prevedeno.txt,2011-08-25,SupAdmCo
rozhodnuti-30_Cdo_2405_2015.txt,30 Cdo 2405/2015,2017-07-25,SupCo,7 Afs 10/2006-57,0010_7Afs_0600057A_prevedeno.txt,2007-03-15,SupAdmCo
rozhodnuti-30_Cdo_2405_2015.txt,30 Cdo 2405/2015,2017-07-25,SupCo,5 Afs 9/2009-65,0009_5Afs_0900065A_prevedeno.txt,2009-08-28,SupAdmCo
rozhodnuti-20_Cdo_501_2018.txt,20 Cdo 501/2018,2018-05-29,SupCo,1 Ans 5/2008,0005_1Ans_0800104A_prevedeno.txt,2008-07-02,SupAdmCo
rozhodnuti-20_Cdo_501_2018.txt,20 Cdo 501/2018,2018-05-29,SupCo,5 As 21/2003,0021_5As__0300040A_prevedeno.txt,2013-08-30,SupAdmCo
rozhodnuti-20_Cdo_501_2018.txt,20 Cdo 501/2018,2018-05-29,SupCo,2 Ans 4/2004,0004_2Ans_0400116A_prevedeno.txt,2004-12-15,SupAdmCo
rozhodnuti-20_Cdo_501_2018.txt,20 Cdo 501/2018,2018-05-29,SupCo,7 Afs 33/2003,0033_7Afs_0300080A_prevedeno.txt,2004-09-30,SupAdmCo
rozhodnuti-20_Cdo_501_2018.txt,20 Cdo 501/2018,2018-05-29,SupCo,3 As 103/2016-33,0103_3As__1600033_20160803075540_prevedeno.txt,2016-06-29,SupAdmCo
rozhodnuti-20_Cdo_501_2018.txt,20 Cdo 501/2018,2018-05-29,SupCo,7 As 255/2014,0255_7As__1400036_20150521143649_prevedeno.txt,2015-04-23,SupAdmCo
rozhodnuti-33_Cdo_5118_2015.txt,33 Cdo 5118/2015,2015-12-10,SupCo,2 As 58/2007-52,0058_2As__0700052A_prevedeno.txt,2008-02-19,SupAdmCo
rozhodnuti-28_Cdo_3042_2015.txt,28 Cdo 3042/2015,2016-05-04,SupCo,5 As 67/2005-88,0067_5As__0500088A_prevedeno.txt,2006-08-22,SupAdmCo
rozhodnuti-29_Cdo_3632_2013.txt,29 Cdo 3632/2013,2014-04-29,SupCo,1 As 23/2009,0023_1As__0900103A_prevedeno.txt,2010-09-09,SupAdmCo
rozhodnuti-23_Cdo_2425_2011.txt,23 Cdo 2425/2011,2013-03-27,SupCo,1 As 90/2010-95,0090_1As__100_20110103073017_prevedeno.txt,2010-12-16,SupAdmCo
rozhodnuti-8_Tz_10_2011.txt,8 Tz 10/2011,2011-03-23,SupCo,2 As 34/2006,0034_2As__0600085A_prevedeno.txt,2008-03-21,SupAdmCo
rozhodnuti-20_Cdo_2967_2018.txt,20 Cdo 2967/2018,2018-08-14,SupCo,8 As 43/2007-156,0043_8As__0700156A_prevedeno.txt,2008-01-30,SupAdmCo
rozhodnuti-20_Cdo_4865_2016.txt,20 Cdo 4865/2016,2016-11-09,SupCo,6 Azs 19/2003-45,0019_6Azs_0300045A_prevedeno.txt,2004-02-26,SupAdmCo
rozhodnuti-31_Cdo_2897_2010.txt,31 Cdo 2897/2010,2012-12-12,SupCo,5 Afs 82/2005,0041_1Afs_1200004_prevedeno.txt,2006-11-25,SupAdmCo
rozhodnuti-30_Cdo_2013_2013.txt,30 Cdo 2013/2013,2016-02-29,SupCo,5 As 56/2010,0056_5As__100_20101104021813_prevedeno.txt,2010-11-27,SupAdmCo
rozhodnuti-25_Cdo_4744_2010.txt,25 Cdo 4744/2010,2012-01-26,SupCo,2 Afs 176/2006,0176_2Afs_0600096A_prevedeno.txt,2007-04-19,SupAdmCo
rozhodnuti-5_Tdo_592_2015.txt,5 Tdo 592/2015,2016-05-04,SupCo,5 Afs 42/2012,0042_5Afs_120_20130118094117_prevedeno.txt,2013-01-11,SupAdmCo
rozhodnuti-29_Cdo_1335_2012.txt,29 Cdo 1335/2012,2014-03-26,SupCo,8 Afs 120/2005,0120_8Afs_0500086A_prevedeno.txt,2007-07-31,SupAdmCo
rozhodnuti-3_Tdo_495_2016.txt,3 Tdo 495/2016,2017-03-29,SupCo,4 Afs 210/2014-57,0210_4Afs_1400057_20151124154621_prevedeno.txt,2015-11-24,SupAdmCo
rozhodnuti-30_Cdo_737_2013.txt,30 Cdo 737/2013,2013-08-21,SupCo,4 Ads 108/2006,0108_4Ads_0600048A_prevedeno.txt,2007-08-16,SupAdmCo
rozhodnuti-29_Cdo_5432_2007.txt,29 Cdo 5432/2007,2010-01-28,SupCo,8 Afs 33/2007,0033_8Afs_0700047A_prevedeno.txt,2008-08-29,SupAdmCo
rozhodnuti-7_Td_18_2018.txt,7 Td 18/2018,2018-04-25,SupCo,Nad 309/2017,0309_0Nad_1700184_20171107084649_prevedeno.txt,2017-11-01,SupAdmCo
rozhodnuti-4_Tdo_43_2017.txt,4 Tdo 43/2017,2017-02-28,SupCo,4 Afs 210/2014,0210_4Afs_1400070_20160113090923_prevedeno.txt,2015-12-16,SupAdmCo
rozhodnuti-23_Cdo_2475_2014.txt,23 Cdo 2475/2014,2016-05-30,SupCo,9 Afs 97/2009-115,0097_9Afs_0900_cfafceb7_8149_4b5f_be11_5d981e99ae3c_prevedeno.txt,2010-05-20,SupAdmCo
rozhodnuti-22_Cdo_3712_2016.txt,22 Cdo 3712/2016,2016-09-20,SupCo,1 As 23/2009-103,0023_1As__0900103A_prevedeno.txt,2010-09-09,SupAdmCo
rozhodnuti-30_Cdo_344_2013.txt,30 Cdo 344/2013,2014-05-21,SupCo,1 As 40/2005-62,0040_1As__0500062A_prevedeno.txt,2006-05-03,SupAdmCo
rozhodnuti-3_Tdo_805_2017.txt,3 Tdo 805/2017,2017-07-19,SupCo,4 Afs 210/2014,0210_4Afs_1400070_20160113090923_prevedeno.txt,2015-12-16,SupAdmCo
rozhodnuti-8_Tdo_1069_2016.txt,8 Tdo 1069/2016,2017-04-27,SupCo,4 Afs 210/2014,0210_4Afs_1400070_20160113090923_prevedeno.txt,2015-12-16,SupAdmCo
rozhodnuti-8_Tdo_1069_2016.txt,8 Tdo 1069/2016,2017-04-27,SupCo,3 Ads 23/2013,0023_3Ads_13_20131101125143_prevedeno.txt,2013-11-30,SupAdmCo
rozhodnuti-8_Tdo_1069_2016.txt,8 Tdo 1069/2016,2017-04-27,SupCo,2 Afs 81/2004,0081_2Afs_0400054A_prevedeno.txt,2005-11-26,SupAdmCo
rozhodnuti-22_Cdo_820_2017.txt,22 Cdo 820/2017,2017-08-07,SupCo,1 Afs 95/2008,0095_1Afs_0800063A_prevedeno.txt,2008-11-30,SupAdmCo
rozhodnuti-28_Cdo_3917_2017.txt,28 Cdo 3917/2017,2018-03-06,SupCo,2 Afs 35/2010,0035_2Afs_1000_20101026085744_prevedeno.txt,2010-11-20,SupAdmCo
rozhodnuti-28_Cdo_2461_2007.txt,28 Cdo 2461/2007,2007-11-01,SupCo,1 Afs 130/2004,0130_1Afs_0400090A_prevedeno.txt,2005-12-15,SupAdmCo
rozhodnuti-22_Cdo_4955_2015.txt,22 Cdo 4955/2015,2017-08-02,SupCo,5 As 3/2009-76,0003_5As__0900_4757a918_c863_4789_9ada_537b14ea9a30_prevedeno.txt,2010-03-16,SupAdmCo
rozhodnuti-22_Cdo_4955_2015.txt,22 Cdo 4955/2015,2017-08-02,SupCo,1 As 32/2012-42,0032_1As__120_20120601082224_prevedeno.txt,2012-05-02,SupAdmCo
rozhodnuti-22_Cdo_4955_2015.txt,22 Cdo 4955/2015,2017-08-02,SupCo,5 As 27/2009-66,0027_5As__0900066A_prevedeno.txt,2009-09-30,SupAdmCo
rozhodnuti-22_Cdo_4955_2015.txt,22 Cdo 4955/2015,2017-08-02,SupCo,1 As 76/2009-60,0076_1As__0900060A_prevedeno.txt,2009-12-22,SupAdmCo
rozhodnuti-22_Cdo_4955_2015.txt,22 Cdo 4955/2015,2017-08-02,SupCo,2 As 44/2011-99,0044_2As__110_20110519094756_prevedeno.txt,2011-05-16,SupAdmCo
rozhodnuti-28_Cdo_2061_2012.txt,28 Cdo 2061/2012,2013-04-08,SupCo,Konf 123/2003-7,012311Konf0300007A_prevedeno.txt,2004-06-22,SupAdmCo
rozhodnuti-20_Cdo_1023_2017.txt,20 Cdo 1023/2017,2017-04-12,SupCo,6 Azs 19/2003-45,0019_6Azs_0300045A_prevedeno.txt,2004-02-26,SupAdmCo
rozhodnuti-25_Cdo_21_2017.txt,25 Cdo 21/2017,2018-01-30,SupCo,1 As 70/2008,0070_1As__0800_dd396bf6_53d4_40c5_ba2d_965fa5f934a2_prevedeno.txt,2010-08-12,SupAdmCo
rozhodnuti-22_Cdo_870_2014.txt,22 Cdo 870/2014,2016-02-24,SupCo,7 As 93/2012-54,0093_7As__120_20130430143409_prevedeno.txt,2013-03-28,SupAdmCo
rozhodnuti-28_Cdo_4243_2017.txt,28 Cdo 4243/2017,2018-02-07,SupCo,7 Afs 50/2010,0050_7Afs_1000_0252acfa_e2b0_4a86_a47c_8b8933afd0c0_prevedeno.txt,2010-07-01,SupAdmCo
rozhodnuti-4_Tdo_1690_2016.txt,4 Tdo 1690/2016,2017-03-30,SupCo,4 Afs 210/2014,0210_4Afs_1400070_20160113090923_prevedeno.txt,2015-12-16,SupAdmCo
rozhodnuti-6_Tdo_454_2016.txt,6 Tdo 454/2016,2016-04-21,SupCo,2 As 86/2010,0086_2As__100_20121109085423_prevedeno.txt,2012-11-08,SupAdmCo
rozhodnuti-6_Tdo_454_2016.txt,6 Tdo 454/2016,2016-04-21,SupCo,1 As 92/2008-76,0092_1As__0800076A_prevedeno.txt,2009-01-22,SupAdmCo
rozhodnuti-25_Cdo_4710_2016.txt,25 Cdo 4710/2016,2017-10-31,SupCo,5 As 87/2015,0087_5As__1500022_20151215160757_prevedeno.txt,2015-12-11,SupAdmCo
rozhodnuti-22_Cdo_921_2017.txt,22 Cdo 921/2017,2017-04-12,SupCo,9 As 15/2012-27,0015_9As__12_20140228120349_prevedeno.txt,2014-01-29,SupAdmCo
rozhodnuti-30_Cdo_1407_2017.txt,30 Cdo 1407/2017,2018-02-15,SupCo,2 As 100/2011,0093_9As__1400001_prevedeno.txt,2011-12-06,SupAdmCo
rozhodnuti-30_Cdo_1407_2017.txt,30 Cdo 1407/2017,2018-02-15,SupCo,4 As 35/2011,0035_4As__110_20111115020931_prevedeno.txt,2011-11-21,SupAdmCo
rozhodnuti-30_Cdo_251_2017.txt,30 Cdo 251/2017,2017-03-21,SupCo,7 As 40/2004,0040_7As__0400097A_prevedeno.txt,2005-01-12,SupAdmCo
rozhodnuti-30_Cdo_3127_2016.txt,30 Cdo 3127/2016,2018-05-09,SupCo,7 Ans 18/2012-23,0018_7Ans_120_20130111101005_prevedeno.txt,2012-12-13,SupAdmCo
rozhodnuti-Tpjn_304_2014.txt,Tpjn 304/2014,2015-11-11,SupCo,5 Aps 6/2011-85,0006_5Aps_110_20111128101246_prevedeno.txt,2011-11-16,SupAdmCo
rozhodnuti-Tpjn_304_2014.txt,Tpjn 304/2014,2015-11-11,SupCo,11 Kseo 4/2009,000411Kseo090_20120403094910_prevedeno.txt,2012-03-23,SupAdmCo
rozhodnuti-28_Cdo_3392_2010.txt,28 Cdo 3392/2010,2011-09-14,SupCo,2 As 19/2004-92,0019_2As__0400092A_prevedeno.txt,2004-09-22,SupAdmCo
rozhodnuti-30_Cdo_3693_2013.txt,30 Cdo 3693/2013,2014-06-18,SupCo,Konf 22/2013-7,0022_0Konf130_20140225152847_prevedeno.txt,2014-02-20,SupAdmCo
rozhodnuti-25_Cdo_3807_2014.txt,25 Cdo 3807/2014,2016-08-24,SupCo,5 As 32/2008,0032_5As__0800051A_prevedeno.txt,2008-08-28,SupAdmCo
rozhodnuti-32_Cdo_5462_2014.txt,32 Cdo 5462/2014,2015-04-20,SupCo,1 Afs 15/2009,0015_1Afs_0900105A_prevedeno.txt,2009-02-19,SupAdmCo
rozhodnuti-21_Cdo_2272_2007.txt,21 Cdo 2272/2007,2008-01-29,SupCo,6 Ads 72/2006,0072_6Ads_0600039A_prevedeno.txt,2007-08-16,SupAdmCo
rozhodnuti-7_Tdo_1628_2016.txt,7 Tdo 1628/2016,2017-04-05,SupCo,Afs 210/2014,0210_2Afs_1400039_20160329094233_prevedeno.txt,2016-03-23,SupAdmCo
rozhodnuti-6_Tdo_79_2014.txt,6 Tdo 79/2014,2014-02-26,SupCo,2 As 78/2006,0078_2As__0600064A_prevedeno.txt,2007-05-16,SupAdmCo
rozhodnuti-8_Tdo_524_2013.txt,8 Tdo 524/2013,2013-06-19,SupCo,3 As 4/2010,0004_3As__100_20110824101119_prevedeno.txt,2011-08-18,SupAdmCo
rozhodnuti-22_Cdo_4392_2010.txt,22 Cdo 4392/2010,2012-10-30,SupCo,1 As 32/2012,0032_1As__120_20120601082224_prevedeno.txt,2012-05-02,SupAdmCo
rozhodnuti-28_Cdo_5855_2017.txt,28 Cdo 5855/2017,2018-05-07,SupCo,5 As 64/2008-155,0064_5As__0800_fde9a82a_6a83_4582_ad7d_fae8a6303ee5_prevedeno.txt,2010-06-01,SupAdmCo
rozhodnuti-28_Cdo_5855_2017.txt,28 Cdo 5855/2017,2018-05-07,SupCo,5 Ao 6/2010-65,0006_5Ao__100_20101227090736_prevedeno.txt,2010-12-09,SupAdmCo
rozhodnuti-28_Cdo_4254_2017.txt,28 Cdo 4254/2017,2018-07-16,SupCo,Konf 4/2003-16,000411Konf0300016A_prevedeno.txt,2004-06-15,SupAdmCo
rozhodnuti-28_Cdo_4254_2017.txt,28 Cdo 4254/2017,2018-07-16,SupCo,Konf 32/2004-12,003211Konf0400012A_prevedeno.txt,2005-03-29,SupAdmCo
rozhodnuti-28_Cdo_3109_2016.txt,28 Cdo 3109/2016,2016-12-01,SupCo,Na 225/2005-110,022511Na__0500110A_prevedeno.txt,2005-09-08,SupAdmCo
rozhodnuti-28_Cdo_3109_2016.txt,28 Cdo 3109/2016,2016-12-01,SupCo,3 As 9/2011-1048,0009_3As__110_20110603035242_prevedeno.txt,2011-06-01,SupAdmCo
rozhodnuti-28_Cdo_3109_2016.txt,28 Cdo 3109/2016,2016-12-01,SupCo,8 Ads 150/2014-29,0150_8Ads_1400029_20150305083314_prevedeno.txt,2015-02-19,SupAdmCo
rozhodnuti-3_Tdo_1423_2017.txt,3 Tdo 1423/2017,2018-01-17,SupCo,6 Afs 202/2014-25,0202_6Afs_1400025_20150716154654_prevedeno.txt,2015-07-08,SupAdmCo
rozhodnuti-3_Tdo_1423_2017.txt,3 Tdo 1423/2017,2018-01-17,SupCo,4 Afs 210/2014,0210_4Afs_1400070_20160113090923_prevedeno.txt,2015-12-16,SupAdmCo
rozhodnuti-20_Cdo_5148_2016.txt,20 Cdo 5148/2016,2017-06-16,SupCo,9 As 34/2014,0034_9As__1400076_20140922114443_prevedeno.txt,2014-09-18,SupAdmCo
rozhodnuti-23_Cdo_462_2012.txt,23 Cdo 462/2012,2012-08-28,SupCo,7 As 56/2008-170,0056_7As__0800170A_prevedeno.txt,2009-04-09,SupAdmCo
rozhodnuti-32_Cdo_1373_2010.txt,32 Cdo 1373/2010,2011-08-03,SupCo,2 As 85/2006,0085_2As__0600079A_prevedeno.txt,2007-05-17,SupAdmCo
rozhodnuti-28_Cdo_4058_2008.txt,28 Cdo 4058/2008,2009-02-17,SupCo,Konf 4/2003-16,000411Konf0300016A_prevedeno.txt,2004-06-15,SupAdmCo
rozhodnuti-28_Nd_416_2017.txt,28 Nd 416/2017,2018-05-29,SupCo,9 As 350/2016-17,0350_9As__1600017_20170309130631_prevedeno.txt,2017-03-09,SupAdmCo
rozhodnuti-3_Tdo_309_2014.txt,3 Tdo 309/2014,2014-04-16,SupCo,9 As 2/2008,0002_9As__080_20101222092009_prevedeno.txt,2010-11-24,SupAdmCo
rozhodnuti-32_Odo_1602_2006.txt,32 Odo 1602/2006,2008-05-20,SupCo,6 As 30/2003-44,0030_6As__0300044A_prevedeno.txt,2004-11-27,SupAdmCo
rozhodnuti-30_Cdo_3971_2015.txt,30 Cdo 3971/2015,2016-05-10,SupCo,1 As 199/2014-81,0199_1As__1400081_20150428135341_prevedeno.txt,2015-04-15,SupAdmCo
rozhodnuti-6_Tdo_593_2015.txt,6 Tdo 593/2015,2015-09-29,SupCo,7 As 131/2011,0131_7As__110_20120416100502_prevedeno.txt,2012-03-15,SupAdmCo
rozhodnuti-6_Tdo_593_2015.txt,6 Tdo 593/2015,2015-09-29,SupCo,1 As 30/2008,0030_1As__0800049A_prevedeno.txt,2008-09-11,SupAdmCo
rozhodnuti-6_Tdo_593_2015.txt,6 Tdo 593/2015,2015-09-29,SupCo,3 Ads 131/2011,0131_3Ads_110_20120213084638_prevedeno.txt,2012-02-08,SupAdmCo
rozhodnuti-29_ICdo_40_2017.txt,29 ICdo 40/2017,2018-07-19,SupCo,1 Afs 100/2009-63,0100_1Afs_0900063A_prevedeno.txt,2009-11-29,SupAdmCo
rozhodnuti-22_Cdo_326_2018.txt,22 Cdo 326/2018,2018-03-27,SupCo,6 As 219/2017,0219_6As__1700245_20171215120836_20171215130016_prevedeno.txt,2017-12-15,SupAdmCo
rozhodnuti-23_Cdo_4165_2017.txt,23 Cdo 4165/2017,2018-04-24,SupCo,Konf 93/2011-9,0093_0Konf110_20120426093933_prevedeno.txt,2012-03-20,SupAdmCo
rozhodnuti-23_Cdo_4165_2017.txt,23 Cdo 4165/2017,2018-04-24,SupCo,Konf 108/2009-11,0108_0Konf0900_e0b0ab00_2c48_45dd_995f_a678fb32322e_prevedeno.txt,2010-04-13,SupAdmCo
rozhodnuti-23_Cdo_4165_2017.txt,23 Cdo 4165/2017,2018-04-24,SupCo,Konf 26/2014-18,0026_0Konf1400018_20150721144618_prevedeno.txt,2015-07-14,SupAdmCo
rozhodnuti-23_Cdo_4165_2017.txt,23 Cdo 4165/2017,2018-04-24,SupCo,Konf 13/2016-20,0013_0Konf1600020_20171205101939_prevedeno.txt,2017-12-04,SupAdmCo
rozhodnuti-23_Cdo_4165_2017.txt,23 Cdo 4165/2017,2018-04-24,SupCo,Konf 132/2005-7,013211Konf0500007A_prevedeno.txt,2006-06-30,SupAdmCo
rozhodnuti-23_Cdo_3394_2009.txt,23 Cdo 3394/2009,2009-01-20,SupCo,3 As 16/2004,0016_3As__0400073A_prevedeno.txt,2004-11-19,SupAdmCo
rozhodnuti-23_Cdo_3394_2009.txt,23 Cdo 3394/2009,2009-01-20,SupCo,6 Ans 2/2005,0002_6Ans_0500068A_prevedeno.txt,2006-04-20,SupAdmCo
rozhodnuti-6_Tdo_1355_2016.txt,6 Tdo 1355/2016,2016-12-08,SupCo,13 Kss 3/2010-415,000313Kss_100_20110113090722_prevedeno.txt,2010-12-14,SupAdmCo
rozhodnuti-6_Tdo_1355_2016.txt,6 Tdo 1355/2016,2016-12-08,SupCo,13 Kss 3/2010,000313Kss_1001139_20180717143528_20180718140019_prevedeno.txt,2018-01-17,SupAdmCo
rozhodnuti-30_Cdo_1893_2017.txt,30 Cdo 1893/2017,2017-10-18,SupCo,4 Azs 390/2005,0390_4Azs_0500098A_prevedeno.txt,2006-01-18,SupAdmCo
rozhodnuti-30_Cdo_1893_2017.txt,30 Cdo 1893/2017,2017-10-18,SupCo,3 Ads 26/2005,0026_3Ads_0500036A_prevedeno.txt,2006-01-04,SupAdmCo
rozhodnuti-11_Td_26_2011.txt,11 Td 26/2011,2011-05-25,SupCo,Nad 79/2004,007911Nad_0400025A_prevedeno.txt,2004-06-08,SupAdmCo
rozhodnuti-7_Tdo_388_2011.txt,7 Tdo 388/2011,2011-09-15,SupCo,9 As 96/2008,0096_9As__0800044A_prevedeno.txt,2009-08-06,SupAdmCo
rozhodnuti-30_Cdo_4630_2015.txt,30 Cdo 4630/2015,2016-05-25,SupCo,1 As 100/2009,0100_1As__0900129A_prevedeno.txt,2010-02-10,SupAdmCo
rozhodnuti-26_Cdo_1720_2018.txt,26 Cdo 1720/2018,2018-05-23,SupCo,1 As 31/2008-41,0031_1As__0800041A_prevedeno.txt,2008-11-22,SupAdmCo
rozhodnuti-26_Cdo_1720_2018.txt,26 Cdo 1720/2018,2018-05-23,SupCo,1 As 74/2011-251,0072_8As__1200005_prevedeno.txt,2011-08-10,SupAdmCo
rozhodnuti-22_Cdo_5213_2009.txt,22 Cdo 5213/2009,2011-11-29,SupCo,5 As 20/2003,0020_5As__0300064A_prevedeno.txt,2004-10-27,SupAdmCo
rozhodnuti-27_Cdo_2588_2017.txt,27 Cdo 2588/2017,2017-08-30,SupCo,8 As 4/2011-334,0004_8As__110_20110411020829_prevedeno.txt,2011-03-31,SupAdmCo
rozhodnuti-6_Tdo_480_2009.txt,6 Tdo 480/2009,2009-05-28,SupCo,4 Azs 102/2005,0102_4Azs_0500060A_prevedeno.txt,2006-02-17,SupAdmCo
rozhodnuti-26_Cdo_754_2015.txt,26 Cdo 754/2015,2015-12-16,SupCo,7 Afs 52/2004-53,0052_7Afs_0400053A_prevedeno.txt,2005-01-21,SupAdmCo
rozhodnuti-26_Cdo_754_2015.txt,26 Cdo 754/2015,2015-12-16,SupCo,2 Afs 82/2010,0082_2Afs_100_20110419114018_prevedeno.txt,2011-04-15,SupAdmCo
rozhodnuti-26_Cdo_754_2015.txt,26 Cdo 754/2015,2015-12-16,SupCo,5 Afs 86/2009-55,0086_5Afs_0900055A_prevedeno.txt,2010-11-30,SupAdmCo
rozhodnuti-3_Tdo_745_2018.txt,3 Tdo 745/2018,2018-06-28,SupCo,3 As 92/2014,0092_3As__1400032_20150219094628_prevedeno.txt,2015-02-12,SupAdmCo
rozhodnuti-28_Cdo_2497_2014.txt,28 Cdo 2497/2014,2014-10-07,SupCo,1 As 6/2012-47,0006_1As__120_20120316090212_prevedeno.txt,2012-02-23,SupAdmCo
rozhodnuti-28_Cdo_2497_2014.txt,28 Cdo 2497/2014,2014-10-07,SupCo,8 As 24/2006-60,0024_8As__0600060A_prevedeno.txt,2007-12-28,SupAdmCo
rozhodnuti-30_Cdo_364_2016.txt,30 Cdo 364/2016,2017-11-29,SupCo,9 As 69/2008-50,0069_9As__0800050A_prevedeno.txt,2009-06-11,SupAdmCo
rozhodnuti-30_Cdo_364_2016.txt,30 Cdo 364/2016,2017-11-29,SupCo,9 As 229/2014-36,0229_9As__1400036_20150305163410_prevedeno.txt,2015-03-05,SupAdmCo
rozhodnuti-30_Cdo_2594_2016.txt,30 Cdo 2594/2016,2017-05-30,SupCo,7 As 95/2015,0095_7As__1500049_20150720151103_prevedeno.txt,2015-06-18,SupAdmCo
rozhodnuti-22_Cdo_2718_2018.txt,22 Cdo 2718/2018,2018-09-18,SupCo,4 As 180/2017,0180_4As__1700054_20171023120213_prevedeno.txt,2017-11-12,SupAdmCo
rozhodnuti-22_Cdo_4843_2017.txt,22 Cdo 4843/2017,2018-04-24,SupCo,6 As 75/2015-17,0075_6As__1500017_20160201102959_prevedeno.txt,2016-01-21,SupAdmCo
rozhodnuti-28_Cdo_2448_2017.txt,28 Cdo 2448/2017,2018-03-06,SupCo,Konf 22/2015-18,0022_0Konf1500018_20151109120130_prevedeno.txt,2015-11-27,SupAdmCo
rozhodnuti-28_Cdo_2448_2017.txt,28 Cdo 2448/2017,2018-03-06,SupCo,Konf 14/2016-10,0014_0Konf1600010_20170215135554_prevedeno.txt,2017-02-15,SupAdmCo
rozhodnuti-28_Cdo_2448_2017.txt,28 Cdo 2448/2017,2018-03-06,SupCo,Konf 17/2016-10,0017_0Konf1600010_20170529085925_prevedeno.txt,2017-05-29,SupAdmCo
rozhodnuti-28_Cdo_2448_2017.txt,28 Cdo 2448/2017,2018-03-06,SupCo,10 Ads 58/2014-35,005810Ads_14_20140424115536_prevedeno.txt,2014-04-03,SupAdmCo
rozhodnuti-28_Cdo_2448_2017.txt,28 Cdo 2448/2017,2018-03-06,SupCo,9 Ads 183/2015-29,0183_9Ads_1500029_20160121143209_prevedeno.txt,2016-01-21,SupAdmCo
rozhodnuti-33_Cdo_4351_2009.txt,33 Cdo 4351/2009,2011-03-24,SupCo,Konf 38/2009,0038_0Konf0900012A_prevedeno.txt,2009-09-14,SupAdmCo
rozhodnuti-22_Cdo_4943_2015.txt,22 Cdo 4943/2015,2016-01-26,SupCo,4 Ans 3/2006-123,0003_4Ans_0600123A_prevedeno.txt,2007-02-21,SupAdmCo
rozhodnuti-33_Cdo_2446_2013.txt,33 Cdo 2446/2013,2014-02-26,SupCo,1 As 31/2008-41,0031_1As__0800041A_prevedeno.txt,2008-11-22,SupAdmCo
rozhodnuti-33_Cdo_2446_2013.txt,33 Cdo 2446/2013,2014-02-26,SupCo,1 As 74/2011-251,0072_8As__1200005_prevedeno.txt,2011-08-10,SupAdmCo
rozhodnuti-30_Cdo_1556_2006.txt,30 Cdo 1556/2006,2007-01-23,SupCo,7 As 2/2004-75,0002_7As__0400075A_prevedeno.txt,2004-03-25,SupAdmCo
rozhodnuti-30_Cdo_1556_2006.txt,30 Cdo 1556/2006,2007-01-23,SupCo,Konf 62/2003-15,006211Konf0300015A_prevedeno.txt,2004-09-02,SupAdmCo
rozhodnuti-30_Cdo_1556_2006.txt,30 Cdo 1556/2006,2007-01-23,SupCo,Konf 25/2006-9,002511Konf0600009A_prevedeno.txt,2006-09-29,SupAdmCo
rozhodnuti-25_Cdo_3099_2007.txt,25 Cdo 3099/2007,2010-02-24,SupCo,3 Ans 1/2004-115,0001_3Ans_0400115A_prevedeno.txt,2004-12-08,SupAdmCo
rozhodnuti-29_Cdo_4474_2011.txt,29 Cdo 4474/2011,2013-10-31,SupCo,5 Afs 59/2007-72,0059_5Afs_0700072A_prevedeno.txt,2008-04-10,SupAdmCo
rozhodnuti-4_Tdo_1117_2016.txt,4 Tdo 1117/2016,2016-08-31,SupCo,9 Ads 83/2014-46,0083_9Ads_1400046_20151008123824_prevedeno.txt,2015-09-30,SupAdmCo
rozhodnuti-23_Cdo_874_2009.txt,23 Cdo 874/2009,2010-03-23,SupCo,Konf 32/2005-4,003211Konf0500004A_prevedeno.txt,2006-09-29,SupAdmCo
rozhodnuti-28_Cdo_1484_2015.txt,28 Cdo 1484/2015,2015-10-01,SupCo,2 Ans 4/2006-91,0004_2Ans_0600091A_prevedeno.txt,2007-07-24,SupAdmCo
rozhodnuti-25_Cdo_1110_2015.txt,25 Cdo 1110/2015,2015-08-25,SupCo,1 Ao 1/2006,0001_1Ao__0600074A_prevedeno.txt,2006-07-18,SupAdmCo
rozhodnuti-25_Cdo_1110_2015.txt,25 Cdo 1110/2015,2015-08-25,SupCo,2 Ao 2/2006,0002_2Ao__0600062A_prevedeno.txt,2006-11-30,SupAdmCo
rozhodnuti-25_Cdo_1110_2015.txt,25 Cdo 1110/2015,2015-08-25,SupCo,3 Ao 1/2006,0001_3Ao__0600024A_prevedeno.txt,2006-12-20,SupAdmCo
rozhodnuti-29_Cdo_3115_2015.txt,29 Cdo 3115/2015,2016-05-31,SupCo,2 As 8/2013,0008_2As__130_20130320135426_prevedeno.txt,2013-03-08,SupAdmCo
rozhodnuti-8_Tdo_1084_2014.txt,8 Tdo 1084/2014,2014-10-30,SupCo,1 As 162/2012,0162_1As__120_20130404171941_prevedeno.txt,2013-03-20,SupAdmCo
rozhodnuti-6_Tdo_955_2012.txt,6 Tdo 955/2012,2012-09-13,SupCo,2 As 19/2009,0019_2As__0900_629e2db5_5274_4776_95b8_f3e2f3c0afed_prevedeno.txt,2009-12-10,SupAdmCo
rozhodnuti-8_Tdo_272_2012.txt,8 Tdo 272/2012,2012-03-29,SupCo,5 Afs 36/2003,0036_5Afs_0300121A_prevedeno.txt,2007-04-26,SupAdmCo
rozhodnuti-8_Tdo_272_2012.txt,8 Tdo 272/2012,2012-03-29,SupCo,9 Afs 86/2007,0086_9Afs_0700183A_prevedeno.txt,2008-03-19,SupAdmCo
rozhodnuti-28_Cdo_2328_2017.txt,28 Cdo 2328/2017,2018-04-17,SupCo,6 Ans 2/2007-128,0002_6Ans_0700128A_prevedeno.txt,2007-11-15,SupAdmCo
rozhodnuti-28_Cdo_2328_2017.txt,28 Cdo 2328/2017,2018-04-17,SupCo,1 As 63/2013-49,0063_1As__13_20131017081425_prevedeno.txt,2013-09-25,SupAdmCo
rozhodnuti-33_Cdo_2178_2018.txt,33 Cdo 2178/2018,2018-07-25,SupCo,1 As 30/2015,0030_1As__1500039_20150409120404_prevedeno.txt,2015-04-01,SupAdmCo
rozhodnuti-25_Cdo_3522_2011.txt,25 Cdo 3522/2011,2011-11-30,SupCo,Konf 27/2008,0027_0Konf0800007A_prevedeno.txt,2008-09-09,SupAdmCo
rozhodnuti-30_Cdo_2900_2017.txt,30 Cdo 2900/2017,2017-08-09,SupCo,1 As 23/2009,0023_1As__0900103A_prevedeno.txt,2010-09-09,SupAdmCo
rozhodnuti-30_Cdo_519_2015.txt,30 Cdo 519/2015,2017-02-21,SupCo,5 As 18/2007-157,0018_5As__0700157A_prevedeno.txt,2008-04-01,SupAdmCo
rozhodnuti-25_Cdo_2185_2017.txt,25 Cdo 2185/2017,2017-06-14,SupCo,2 As 8/2013,0008_2As__130_20130320135426_prevedeno.txt,2013-03-08,SupAdmCo
rozhodnuti-30_Cdo_1405_2016.txt,30 Cdo 1405/2016,2018-03-21,SupCo,3 Ads 79/2011-62,0079_3Ads_110_20110930010219_prevedeno.txt,2011-09-21,SupAdmCo
rozhodnuti-30_Cdo_1405_2016.txt,30 Cdo 1405/2016,2018-03-21,SupCo,3 Ads 133/2012-19,0133_3Ads_120_20131128080218_prevedeno.txt,2013-11-27,SupAdmCo
rozhodnuti-32_Cdo_317_2010.txt,32 Cdo 317/2010,2011-06-22,SupCo,Konf 14/2010,0014_0Konf1000_30ddffcf_ba41_4a70_b5a2_8d3cc6ee4866_prevedeno.txt,2010-05-07,SupAdmCo
rozhodnuti-8_Tdo_451_2015.txt,8 Tdo 451/2015,2015-06-24,SupCo,6 As 263/2014,0263_6As__1400033_20150204133635_prevedeno.txt,2015-01-29,SupAdmCo
rozhodnuti-8_Tz_41_2017.txt,8 Tz 41/2017,2017-08-09,SupCo,9 Afs 28/2010,0028_9Afs_1000_bcc5e18d_bcd0_44a2_93f0_8a65add41a98_prevedeno.txt,2010-07-15,SupAdmCo
rozhodnuti-8_Tdo_1008_2015.txt,8 Tdo 1008/2015,2015-09-17,SupCo,1 As 34/2010,0034_1As__1000073A_prevedeno.txt,2010-09-09,SupAdmCo
rozhodnuti-28_Cdo_27_2015.txt,28 Cdo 27/2015,2017-01-25,SupCo,5 As 62/2008,0062_5As__0800059A_prevedeno.txt,2009-09-11,SupAdmCo
rozhodnuti-7_Tdo_505_2018.txt,7 Tdo 505/2018,2018-04-25,SupCo,2 As 45/2010,0045_2As__100_20111216021304_prevedeno.txt,2011-11-18,SupAdmCo
rozhodnuti-22_Cdo_1601_2006.txt,22 Cdo 1601/2006,2009-01-29,SupCo,6 Ans 2/2007,0002_6Ans_0700128A_prevedeno.txt,2007-11-15,SupAdmCo
rozhodnuti-22_Cdo_3644_2015.txt,22 Cdo 3644/2015,2017-06-20,SupCo,1 As 2/2004,0002_1As__0400214A_prevedeno.txt,2005-12-21,SupAdmCo
rozhodnuti-28_Cdo_3563_2008.txt,28 Cdo 3563/2008,2009-03-11,SupCo,2 As 74/2007,0074_2As__0700055A_prevedeno.txt,2008-05-07,SupAdmCo
rozhodnuti-30_Cdo_5216_2014.txt,30 Cdo 5216/2014,2015-05-27,SupCo,1 Afs 60/2009-119,0060_1Afs_0900119A_prevedeno.txt,2009-11-05,SupAdmCo
rozhodnuti-22_Cdo_1425_2014.txt,22 Cdo 1425/2014,2016-04-26,SupCo,7 Aos 4/2012-31,0004_7Aos_120_20130625101737_prevedeno.txt,2013-05-23,SupAdmCo
rozhodnuti-28_Cdo_729_2018.txt,28 Cdo 729/2018,2018-05-07,SupCo,6 As 312/2017,0312_6As__1700098_20180219103911_20180220210016_prevedeno.txt,2018-02-07,SupAdmCo
rozhodnuti-28_Cdo_729_2018.txt,28 Cdo 729/2018,2018-05-07,SupCo,1 As 343/2017,0343_1As__1700045_20180322120625_20180326170015_prevedeno.txt,2018-02-28,SupAdmCo
rozhodnuti-28_Cdo_729_2018.txt,28 Cdo 729/2018,2018-05-07,SupCo,5 As 75/2010,0075_5As__100_20110523094659_prevedeno.txt,2011-05-12,SupAdmCo
rozhodnuti-22_Cdo_4253_2014.txt,22 Cdo 4253/2014,2015-12-09,SupCo,5 Afs 130/2004,0130_5Afs_0400062A_prevedeno.txt,2004-12-13,SupAdmCo
rozhodnuti-7_Tdo_1053_2009.txt,7 Tdo 1053/2009,2010-05-20,SupCo,2 Afs 148/2006,0148_2Afs_0600054A_prevedeno.txt,2007-03-06,SupAdmCo
rozhodnuti-22_Cdo_81_2015.txt,22 Cdo 81/2015,2015-12-09,SupCo,Komp 5/2011-88,0005_0Komp110_20111010105122_prevedeno.txt,2011-09-22,SupAdmCo
rozhodnuti-5_Tdo_487_2016.txt,5 Tdo 487/2016,2017-02-23,SupCo,4 Afs 210/2014,0210_4Afs_1400070_20160113090923_prevedeno.txt,2015-12-16,SupAdmCo
rozhodnuti-29_Cdo_704_2012.txt,29 Cdo 704/2012,2014-03-27,SupCo,8 Afs 33/2007,0033_8Afs_0700047A_prevedeno.txt,2008-08-29,SupAdmCo
rozhodnuti-22_Cdo_2662_2015.txt,22 Cdo 2662/2015,2015-10-06,SupCo,1 As 27/2011-81,0027_1As__110_20110614072752_prevedeno.txt,2011-05-04,SupAdmCo
rozhodnuti-22_Cdo_2662_2015.txt,22 Cdo 2662/2015,2015-10-06,SupCo,6 As 23/2013-9,0023_6As__130_20130411132722_prevedeno.txt,2013-04-03,SupAdmCo
rozhodnuti-22_Cdo_2662_2015.txt,22 Cdo 2662/2015,2015-10-06,SupCo,4 Ads 73/2004-45,0073_4Ads_0400045A_prevedeno.txt,2005-12-28,SupAdmCo
rozhodnuti-22_Cdo_2662_2015.txt,22 Cdo 2662/2015,2015-10-06,SupCo,6 Azs 19/2003-45,0019_6Azs_0300045A_prevedeno.txt,2004-02-26,SupAdmCo
rozhodnuti-26_Cdo_781_2013.txt,26 Cdo 781/2013,2014-09-16,SupCo,6 As 77/2013,0077_6As__13_20140603152620_prevedeno.txt,2014-05-13,SupAdmCo
rozhodnuti-26_Cdo_781_2013.txt,26 Cdo 781/2013,2014-09-16,SupCo,9 As 73/2010,0073_9As__100_20110331034506_prevedeno.txt,2011-03-24,SupAdmCo
rozhodnuti-30_Cdo_1700_2016.txt,30 Cdo 1700/2016,2016-10-12,SupCo,1 As 51/2010,0051_1As__100_20101104021747_prevedeno.txt,2010-11-13,SupAdmCo
rozhodnuti-30_Cdo_2643_2013.txt,30 Cdo 2643/2013,2013-09-18,SupCo,5 Ads 1/2004,0001_5Ads_0400063A_prevedeno.txt,2004-05-20,SupAdmCo
rozhodnuti-30_Cdo_2643_2013.txt,30 Cdo 2643/2013,2013-09-18,SupCo,1 As 23/2009,0023_1As__0900103A_prevedeno.txt,2010-09-09,SupAdmCo
rozhodnuti-22_Cdo_613_2013.txt,22 Cdo 613/2013,2015-04-29,SupCo,9 As 73/2010-138,0073_9As__100_20110331034506_prevedeno.txt,2011-03-24,SupAdmCo
rozhodnuti-33_Cdo_4387_2013.txt,33 Cdo 4387/2013,2014-08-19,SupCo,3 As 60/2005,0060_3As__0500073A_prevedeno.txt,2006-03-22,SupAdmCo
rozhodnuti-Tpjn_306_2014.txt,Tpjn 306/2014,2015-06-25,SupCo,6 Ads 30/2012,0030_6Ads_120_20120629105942_prevedeno.txt,2012-06-06,SupAdmCo
rozhodnuti-4_Tdo_866_2018.txt,4 Tdo 866/2018,2018-09-25,SupCo,1 As 125/2011-163,0125_1As__110_20120130023924_prevedeno.txt,2012-01-11,SupAdmCo
rozhodnuti-29_Cdo_1167_2009.txt,29 Cdo 1167/2009,2010-10-26,SupCo,5 As 26/2009-67,0026_5As__0900_0ccead79_e27e_4785_8f9f_bcfbe62f465b_prevedeno.txt,2010-03-31,SupAdmCo
rozhodnuti-29_Cdo_1167_2009.txt,29 Cdo 1167/2009,2010-10-26,SupCo,5 As 39/2004-66,0039_5As__0400066A_prevedeno.txt,2006-06-27,SupAdmCo
rozhodnuti-29_Cdo_1220_2016.txt,29 Cdo 1220/2016,2017-03-29,SupCo,1 As 23/2009,0023_1As__0900103A_prevedeno.txt,2010-09-09,SupAdmCo
rozhodnuti-29_Cdo_1220_2016.txt,29 Cdo 1220/2016,2017-03-29,SupCo,1 Afs 5/2003,0005_1Afs_0300054A_prevedeno.txt,2004-03-30,SupAdmCo
rozhodnuti-29_Cdo_1220_2016.txt,29 Cdo 1220/2016,2017-03-29,SupCo,7 Ans 15/2012,0008_3Ans_1300001_prevedeno.txt,2012-09-04,SupAdmCo
rozhodnuti-32_Cdo_162_2017.txt,32 Cdo 162/2017,2017-06-07,SupCo,4 Ads 109/2013-28,0109_4Ads_130_20140522095459_prevedeno.txt,2014-04-30,SupAdmCo
rozhodnuti-5_Tdo_101_2014.txt,5 Tdo 101/2014,2014-04-23,SupCo,9 Afs 66/2010,0066_9Afs_100_20110202092708_prevedeno.txt,2011-01-13,SupAdmCo
rozhodnuti-22_Cdo_4450_2007.txt,22 Cdo 4450/2007,2009-10-21,SupCo,3 As 65/2006-98,0065_3As__0600098A_prevedeno.txt,2007-05-09,SupAdmCo
rozhodnuti-20_Cdo_1874_2016.txt,20 Cdo 1874/2016,2017-02-20,SupCo,3 Ads 111/2010,0111_3Ads_100_20110125090615_prevedeno.txt,2011-01-13,SupAdmCo
rozhodnuti-23_Cdo_1321_2010.txt,23 Cdo 1321/2010,2012-06-28,SupCo,Konf 97/2003-19,009711Konf0300019A_prevedeno.txt,2004-12-01,SupAdmCo
rozhodnuti-8_Tdo_928_2007.txt,8 Tdo 928/2007,2007-08-15,SupCo,4 Azs 102/2005,0102_4Azs_0500060A_prevedeno.txt,2006-02-17,SupAdmCo
rozhodnuti-29_Cdo_859_2015.txt,29 Cdo 859/2015,2015-03-31,SupCo,2 As 72/2003,0072_2As__0300074A_prevedeno.txt,2005-03-25,SupAdmCo
rozhodnuti-32_Cdo_1731_2017.txt,32 Cdo 1731/2017,2017-10-16,SupCo,6 As 40/2006,0040_6As__0600087A_prevedeno.txt,2007-04-26,SupAdmCo
rozhodnuti-7_Tdo_57_2008.txt,7 Tdo 57/2008,2008-02-13,SupCo,2 As 78/2006,0078_2As__0600064A_prevedeno.txt,2007-05-16,SupAdmCo
rozhodnuti-28_Cdo_1110_2010.txt,28 Cdo 1110/2010,2011-07-08,SupCo,2 As 25/2007-118,0025_2As__0700118A_prevedeno.txt,2009-02-17,SupAdmCo
rozhodnuti-28_Cdo_5966_2017.txt,28 Cdo 5966/2017,2018-03-28,SupCo,7 As 35/2015-63,0035_7As__1500063_20151211102437_prevedeno.txt,2015-11-23,SupAdmCo
rozhodnuti-7_Tdo_962_2012.txt,7 Tdo 962/2012,2012-08-29,SupCo,3 As 58/2007-117,0058_3As__0700117A_prevedeno.txt,2008-02-06,SupAdmCo
rozhodnuti-7_Tdo_962_2012.txt,7 Tdo 962/2012,2012-08-29,SupCo,2 As 89/2008-54,0089_2As__0800054A_prevedeno.txt,2009-01-15,SupAdmCo
rozhodnuti-32_Cdo_3754_2014.txt,32 Cdo 3754/2014,2016-09-08,SupCo,2 As 72/2011,0072_2As__110_20110718104258_prevedeno.txt,2011-07-08,SupAdmCo
rozhodnuti-32_Cdo_5223_2015.txt,32 Cdo 5223/2015,2017-11-15,SupCo,Konf 14/2010,0014_0Konf1000_30ddffcf_ba41_4a70_b5a2_8d3cc6ee4866_prevedeno.txt,2010-05-07,SupAdmCo
rozhodnuti-32_Cdo_5223_2015.txt,32 Cdo 5223/2015,2017-11-15,SupCo,2 Afs 49/2007,0049_2Afs_0700096A_prevedeno.txt,2008-05-22,SupAdmCo
rozhodnuti-6_Tdo_1018_2014.txt,6 Tdo 1018/2014,2014-10-30,SupCo,6 As 173/2014,0173_6As__1400186_20150609095609_prevedeno.txt,2015-05-28,SupAdmCo
rozhodnuti-30_Cdo_3322_2013.txt,30 Cdo 3322/2013,2015-11-10,SupCo,9 Afs 13/2008,0013_9Afs_0800090A_prevedeno.txt,2009-11-24,SupAdmCo
rozhodnuti-21_Cdo_5525_2016.txt,21 Cdo 5525/2016,2017-05-30,SupCo,Konf 38/2012-32,0038_0Konf120_20130412100357_prevedeno.txt,2013-03-19,SupAdmCo
rozhodnuti-28_Cdo_2275_2012.txt,28 Cdo 2275/2012,2013-03-13,SupCo,5 As 17/2006-91,0017_5As__0600091A_prevedeno.txt,2007-06-29,SupAdmCo
rozhodnuti-29_Cdo_2816_2012.txt,29 Cdo 2816/2012,2012-10-18,SupCo,8 Afs 33/2007,0033_8Afs_0700047A_prevedeno.txt,2008-08-29,SupAdmCo
rozhodnuti-30_Cdo_5555_2016.txt,30 Cdo 5555/2016,2017-05-24,SupCo,1 As 51/2010-214,0051_1As__100_20101104021747_prevedeno.txt,2010-11-13,SupAdmCo
rozhodnuti-29_Cdo_5069_2015.txt,29 Cdo 5069/2015,2016-04-21,SupCo,1 Afs 5/2003,0005_1Afs_0300054A_prevedeno.txt,2004-03-30,SupAdmCo
rozhodnuti-29_Cdo_5069_2015.txt,29 Cdo 5069/2015,2016-04-21,SupCo,7 Ans 15/2012,0008_3Ans_1300001_prevedeno.txt,2012-09-04,SupAdmCo
rozhodnuti-30_Cdo_1401_2013.txt,30 Cdo 1401/2013,2014-05-28,SupCo,Konf 22/2013-7,0022_0Konf130_20140225152847_prevedeno.txt,2014-02-20,SupAdmCo
rozhodnuti-32_Cdo_984_2012.txt,32 Cdo 984/2012,2014-03-24,SupCo,3 Ads 83/2009,0083_3Ads_0900_35dc9427_75f8_470e_bd42_a200dbd977b5_prevedeno.txt,2009-12-15,SupAdmCo
rozhodnuti-32_Cdo_984_2012.txt,32 Cdo 984/2012,2014-03-24,SupCo,6 Ads 160/2012,0160_6Ads_120_20130627143532_prevedeno.txt,2013-05-30,SupAdmCo
rozhodnuti-6_Tdo_948_2018.txt,6 Tdo 948/2018,2018-08-28,SupCo,5 As 38/2004,0038_5As__0400074A_prevedeno.txt,2005-09-15,SupAdmCo
rozhodnuti-28_Cdo_5487_2017.txt,28 Cdo 5487/2017,2018-01-24,SupCo,2 Afs 35/2010-163,0035_2Afs_1000_20101026085744_prevedeno.txt,2010-11-20,SupAdmCo
rozhodnuti-27_Cdo_4479_2017.txt,27 Cdo 4479/2017,2018-09-12,SupCo,3 Ads 119/2010,0119_3Ads_100_20101210095222_prevedeno.txt,2010-12-09,SupAdmCo
rozhodnuti-33_Cdo_2494_2014.txt,33 Cdo 2494/2014,2014-07-22,SupCo,1 As 31/2008-41,0031_1As__0800041A_prevedeno.txt,2008-11-22,SupAdmCo
rozhodnuti-33_Cdo_2494_2014.txt,33 Cdo 2494/2014,2014-07-22,SupCo,1 As 74/2011-251,0072_8As__1200005_prevedeno.txt,2011-08-10,SupAdmCo
rozhodnuti-8_Tdo_951_2012.txt,8 Tdo 951/2012,2012-09-19,SupCo,1 As 16/2012,0016_1As__120_20120308032909_prevedeno.txt,2012-02-29,SupAdmCo
rozhodnuti-7_Td_57_2014.txt,7 Td 57/2014,2014-09-11,SupCo,Nad 79/2004,007911Nad_0400025A_prevedeno.txt,2004-06-08,SupAdmCo
rozhodnuti-22_Cdo_5017_2009.txt,22 Cdo 5017/2009,2010-01-28,SupCo,7 As 16/2006,0016_7As__0600035A_prevedeno.txt,2007-05-31,SupAdmCo
rozhodnuti-5_Tdo_749_2015.txt,5 Tdo 749/2015,2016-07-26,SupCo,2 Afs 83/2010,0083_2Afs_100_20110126020403_prevedeno.txt,2011-01-26,SupAdmCo
rozhodnuti-5_Tdo_749_2015.txt,5 Tdo 749/2015,2016-07-26,SupCo,7 Afs 123/2013,0123_7Afs_130_20140407131711_prevedeno.txt,2014-03-07,SupAdmCo
rozhodnuti-5_Tdo_749_2015.txt,5 Tdo 749/2015,2016-07-26,SupCo,1 Afs 73/2004,0073_1Afs_0400098_20161003141424_prevedeno.txt,2007-07-18,SupAdmCo
rozhodnuti-15_Tdo_832_2016.txt,15 Tdo 832/2016,2017-01-04,SupCo,4 Afs 210/2014,0210_4Afs_1400070_20160113090923_prevedeno.txt,2015-12-16,SupAdmCo
rozhodnuti-28_Cdo_5101_2017.txt,28 Cdo 5101/2017,2018-06-05,SupCo,1 As 66/2016-104,0066_1As__1600104_20160519153853_prevedeno.txt,2016-05-11,SupAdmCo
rozhodnuti-28_Cdo_5101_2017.txt,28 Cdo 5101/2017,2018-06-05,SupCo,4 As 37/2012-39,0037_4As__1200_20121010035506_prevedeno.txt,2012-09-20,SupAdmCo
rozhodnuti-28_Cdo_5101_2017.txt,28 Cdo 5101/2017,2018-06-05,SupCo,Konf 132/2005-7,013211Konf0500007A_prevedeno.txt,2006-06-30,SupAdmCo
rozhodnuti-28_Cdo_5101_2017.txt,28 Cdo 5101/2017,2018-06-05,SupCo,Konf 70/2011-16,0070_0Konf110_20120119095344_prevedeno.txt,2011-12-15,SupAdmCo
rozhodnuti-28_Cdo_5101_2017.txt,28 Cdo 5101/2017,2018-06-05,SupCo,Konf 30/2014-8,0030_0Konf1400008_20150807130124_prevedeno.txt,2015-07-30,SupAdmCo
rozhodnuti-28_Cdo_5101_2017.txt,28 Cdo 5101/2017,2018-06-05,SupCo,Konf 5/2012-11,0005_0Konf120_20120315034134_prevedeno.txt,2012-03-08,SupAdmCo
rozhodnuti-28_Cdo_5101_2017.txt,28 Cdo 5101/2017,2018-06-05,SupCo,Konf 55/2012-21,0055_0Konf12_20131212084632_prevedeno.txt,2013-11-14,SupAdmCo
rozhodnuti-28_Cdo_5101_2017.txt,28 Cdo 5101/2017,2018-06-05,SupCo,Konf 10/2015-11,0010_0Konf1500011_20160331135308_prevedeno.txt,2016-02-25,SupAdmCo
rozhodnuti-28_Cdo_5101_2017.txt,28 Cdo 5101/2017,2018-06-05,SupCo,9 As 57/2017-44,0057_9As__1700044_20180119071620_20180119102034_prevedeno.txt,2018-01-18,SupAdmCo
rozhodnuti-33_Cdo_1881_2016.txt,33 Cdo 1881/2016,2016-05-24,SupCo,1 As 23/2009,0023_1As__0900103A_prevedeno.txt,2010-09-09,SupAdmCo
rozhodnuti-28_Cdo_3434_2013.txt,28 Cdo 3434/2013,2014-04-01,SupCo,7 As 67/2009,0067_7As__0900_81b9c7ec_af7e_45e6_af7c_2691d6a60762_prevedeno.txt,2009-11-19,SupAdmCo
rozhodnuti-28_Cdo_3434_2013.txt,28 Cdo 3434/2013,2014-04-01,SupCo,6 As 65/2012,0065_6As__120_20130521155800_prevedeno.txt,2013-05-10,SupAdmCo
rozhodnuti-30_Cdo_857_2013.txt,30 Cdo 857/2013,2014-05-21,SupCo,Konf 22/2013-7,0022_0Konf130_20140225152847_prevedeno.txt,2014-02-20,SupAdmCo
rozhodnuti-29_Cdo_3538_2014.txt,29 Cdo 3538/2014,2015-01-22,SupCo,1 As 23/2009,0023_1As__0900103A_prevedeno.txt,2010-09-09,SupAdmCo
rozhodnuti-22_Cdo_3325_2013.txt,22 Cdo 3325/2013,2015-10-27,SupCo,9 Afs 28/2010,0028_9Afs_1000_bcc5e18d_bcd0_44a2_93f0_8a65add41a98_prevedeno.txt,2010-07-15,SupAdmCo
rozhodnuti-32_Cdo_1630_2013.txt,32 Cdo 1630/2013,2015-06-03,SupCo,Konf 132/2005,013211Konf0500007A_prevedeno.txt,2006-06-30,SupAdmCo
rozhodnuti-30_Cdo_3114_2015.txt,30 Cdo 3114/2015,2017-04-26,SupCo,6 As 285/2014,0285_6As__1400032_20150227103625_prevedeno.txt,2015-02-24,SupAdmCo
rozhodnuti-22_Cdo_3653_2008.txt,22 Cdo 3653/2008,2010-08-17,SupCo,6 Ans 2/2007,0002_6Ans_0700128A_prevedeno.txt,2007-11-15,SupAdmCo
rozhodnuti-33_Cdo_414_2011.txt,33 Cdo 414/2011,2012-09-27,SupCo,8 Afs 145/2005,0145_8Afs_0500086A_prevedeno.txt,2006-01-27,SupAdmCo
rozhodnuti-8_Tz_20_2015.txt,8 Tz 20/2015,2015-05-20,SupCo,9 Afs 28/2010,0028_9Afs_1000_bcc5e18d_bcd0_44a2_93f0_8a65add41a98_prevedeno.txt,2010-07-15,SupAdmCo
rozhodnuti-28_Cdo_3097_2010.txt,28 Cdo 3097/2010,2011-06-08,SupCo,1 As 35/2005,0035_1As__0500061A_prevedeno.txt,2006-02-01,SupAdmCo
rozhodnuti-30_Cdo_3755_2015.txt,30 Cdo 3755/2015,2017-06-27,SupCo,7 As 64/2013,0064_7As__130_20140402135743_prevedeno.txt,2014-04-01,SupAdmCo
rozhodnuti-28_Cdo_778_2013.txt,28 Cdo 778/2013,2013-07-19,SupCo,Konf 85/2009,0085_0Konf0900_67b211b0_9459_4fe9_a05c_6e72cc4cf629_prevedeno.txt,2009-11-25,SupAdmCo
rozhodnuti-28_Cdo_778_2013.txt,28 Cdo 778/2013,2013-07-19,SupCo,Konf 31/2007,0031_0Konf0700082A_prevedeno.txt,2008-05-21,SupAdmCo
rozhodnuti-28_Cdo_778_2013.txt,28 Cdo 778/2013,2013-07-19,SupCo,Konf 132/2005,013211Konf0500007A_prevedeno.txt,2006-06-30,SupAdmCo
rozhodnuti-28_Cdo_778_2013.txt,28 Cdo 778/2013,2013-07-19,SupCo,Konf 22/2012,0022_0Konf120_20130423094306_prevedeno.txt,2013-03-27,SupAdmCo
rozhodnuti-28_Cdo_778_2013.txt,28 Cdo 778/2013,2013-07-19,SupCo,4 As 37/2012,0037_4As__1200_20121010035506_prevedeno.txt,2012-09-20,SupAdmCo
rozhodnuti-25_Cdo_5262_2008.txt,25 Cdo 5262/2008,2011-11-29,SupCo,2 Afs 62/2004,0062_2Afs_0400070A_prevedeno.txt,2005-02-24,SupAdmCo
rozhodnuti-22_Cdo_2291_2016.txt,22 Cdo 2291/2016,2018-06-27,SupCo,1 Ao 1/2009,0001_1Ao__0900185A_prevedeno.txt,2009-09-23,SupAdmCo
rozhodnuti-4_Tdo_1093_2016.txt,4 Tdo 1093/2016,2016-08-30,SupCo,1 Afs 147/2005,0147_1Afs_0500107A_prevedeno.txt,2006-05-24,SupAdmCo
rozhodnuti-8_Tdo_157_2009.txt,8 Tdo 157/2009,2009-02-25,SupCo,6 As 56/2004,0056_6As__0400068A_prevedeno.txt,2007-01-25,SupAdmCo
rozhodnuti-33_Cdo_4180_2014.txt,33 Cdo 4180/2014,2015-12-10,SupCo,Konf 31/2007-82,0031_0Konf0700082A_prevedeno.txt,2008-05-21,SupAdmCo
rozhodnuti-33_Cdo_4180_2014.txt,33 Cdo 4180/2014,2015-12-10,SupCo,Konf 62/2012-49,0062_0Konf120_20140821131217_prevedeno.txt,2014-08-21,SupAdmCo
rozhodnuti-33_Cdo_4180_2014.txt,33 Cdo 4180/2014,2015-12-10,SupCo,7 As 99/2011-73,0099_7As__110_20111123013030_prevedeno.txt,2011-11-26,SupAdmCo
rozhodnuti-22_Cdo_45_2013.txt,22 Cdo 45/2013,2015-03-25,SupCo,5 Afs 24/2008-63,0024_5Afs_0800063A_prevedeno.txt,2008-09-25,SupAdmCo
rozhodnuti-29_Cdo_1738_2015.txt,29 Cdo 1738/2015,2017-03-30,SupCo,2 Afs 58/2011,0058_2Afs_110_20120201111405_prevedeno.txt,2012-01-30,SupAdmCo
rozhodnuti-28_Cdo_1707_2018.txt,28 Cdo 1707/2018,2018-07-16,SupCo,5 As 62/2008,0062_5As__0800059A_prevedeno.txt,2009-09-11,SupAdmCo
rozhodnuti-22_Cdo_3831_2013.txt,22 Cdo 3831/2013,2014-04-09,SupCo,1 As 23/2009-103,0023_1As__0900103A_prevedeno.txt,2010-09-09,SupAdmCo
rozhodnuti-28_Cdo_4175_2013.txt,28 Cdo 4175/2013,2015-02-04,SupCo,3 Ao 9/2011-219,0009_3Ao__1100219A_prevedeno.txt,2013-06-11,SupAdmCo
rozhodnuti-28_Cdo_1676_2016.txt,28 Cdo 1676/2016,2016-11-16,SupCo,1 As 47/2011,0047_1As__110_20110628090217_prevedeno.txt,2011-05-31,SupAdmCo
rozhodnuti-26_Nd_211_2006.txt,26 Nd 211/2006,2007-02-15,SupCo,Konf 16/2006-37,001611Konf0600037A_prevedeno.txt,2006-09-29,SupAdmCo
rozhodnuti-28_Cdo_907_2018.txt,28 Cdo 907/2018,2018-09-04,SupCo,10 Afs 155/2015-29,015510Afs_1500029_20160418132341_prevedeno.txt,2016-03-24,SupAdmCo
rozhodnuti-Tpjn_302_2010.txt,Tpjn 302/2010,2010-10-27,SupCo,2 As 19/2009,0019_2As__0900_629e2db5_5274_4776_95b8_f3e2f3c0afed_prevedeno.txt,2009-12-10,SupAdmCo
rozhodnuti-Tpjn_302_2010.txt,Tpjn 302/2010,2010-10-27,SupCo,9 As 96/2008,0096_9As__0800044A_prevedeno.txt,2009-08-06,SupAdmCo
rozhodnuti-Tpjn_302_2010.txt,Tpjn 302/2010,2010-10-27,SupCo,5 As 26/2010,0026_5As__1000_d23a7441_d83c_4979_b038_b2614eaffcbe_prevedeno.txt,2010-07-15,SupAdmCo
rozhodnuti-Tpjn_302_2010.txt,Tpjn 302/2010,2010-10-27,SupCo,2 Ans 5/2005,0005_2Ans_0500048A_prevedeno.txt,2006-01-05,SupAdmCo
rozhodnuti-Tpjn_302_2010.txt,Tpjn 302/2010,2010-10-27,SupCo,1 As 1/2005,0001_1As__0500058A_prevedeno.txt,2006-01-05,SupAdmCo
rozhodnuti-Tpjn_302_2010.txt,Tpjn 302/2010,2010-10-27,SupCo,2 As 38/2004,0038_2As__0400055A_prevedeno.txt,2005-02-10,SupAdmCo
rozhodnuti-Tpjn_302_2010.txt,Tpjn 302/2010,2010-10-27,SupCo,1 Afs 147/2005,0147_1Afs_0500107A_prevedeno.txt,2006-05-24,SupAdmCo
rozhodnuti-22_Cdo_4428_2017.txt,22 Cdo 4428/2017,2017-10-31,SupCo,1 As 23/2009,0023_1As__0900103A_prevedeno.txt,2010-09-09,SupAdmCo
rozhodnuti-22_Cdo_4109_2009.txt,22 Cdo 4109/2009,2011-11-24,SupCo,5 As 20/2003,0020_5As__0300064A_prevedeno.txt,2004-10-27,SupAdmCo
rozhodnuti-30_Cdo_104_2013.txt,30 Cdo 104/2013,2014-05-21,SupCo,Konf 22/2013-7,0022_0Konf130_20140225152847_prevedeno.txt,2014-02-20,SupAdmCo
rozhodnuti-22_Cdo_4153_2014.txt,22 Cdo 4153/2014,2015-12-16,SupCo,6 As 45/2006,0045_6As__0600087A_prevedeno.txt,2008-03-27,SupAdmCo
rozhodnuti-25_Cdo_308_2018.txt,25 Cdo 308/2018,2018-03-08,SupCo,2 As 66/2016,0066_2As__1600032_20160720120140_prevedeno.txt,2016-07-14,SupAdmCo
rozhodnuti-28_Cdo_2855_2015.txt,28 Cdo 2855/2015,2016-07-04,SupCo,7 As 40/2004-97,0040_7As__0400097A_prevedeno.txt,2005-01-12,SupAdmCo
rozhodnuti-30_Cdo_808_2016.txt,30 Cdo 808/2016,2017-11-28,SupCo,Afs 96/2012-38,0096_1Afs_1200038A_prevedeno.txt,2013-01-17,SupAdmCo
rozhodnuti-30_Cdo_808_2016.txt,30 Cdo 808/2016,2017-11-28,SupCo,1 Afs 96/2012,0096_1Afs_1200038A_prevedeno.txt,2013-01-17,SupAdmCo
rozhodnuti-23_Cdo_1695_2010.txt,23 Cdo 1695/2010,2012-05-31,SupCo,2 As 72/2011,0072_2As__110_20110718104258_prevedeno.txt,2011-07-08,SupAdmCo
rozhodnuti-5_Tdo_318_2014.txt,5 Tdo 318/2014,2014-03-26,SupCo,8 As 89/2011,0089_8As__110_20120306041133_prevedeno.txt,2012-02-17,SupAdmCo
rozhodnuti-4_Tdo_764_2016.txt,4 Tdo 764/2016,2017-02-28,SupCo,4 Afs 210/2014-57,0210_4Afs_1400057_20151124154621_prevedeno.txt,2015-11-24,SupAdmCo
rozhodnuti-4_Tdo_764_2016.txt,4 Tdo 764/2016,2017-02-28,SupCo,4 Afs 210/2014,0210_4Afs_1400070_20160113090923_prevedeno.txt,2015-12-16,SupAdmCo
rozhodnuti-30_Cdo_1758_2015.txt,30 Cdo 1758/2015,2015-11-16,SupCo,1 As 36/2009-88,0036_1As__0900088A_prevedeno.txt,2009-05-21,SupAdmCo
rozhodnuti-21_Cdo_1355_2017.txt,21 Cdo 1355/2017,2017-08-07,SupCo,3 Ads 119/2010,0119_3Ads_100_20101210095222_prevedeno.txt,2010-12-09,SupAdmCo
rozhodnuti-23_Cdo_4719_2017.txt,23 Cdo 4719/2017,2018-04-24,SupCo,4 Ads 20/2007-59,0020_4Ads_0700059A_prevedeno.txt,2008-08-26,SupAdmCo
rozhodnuti-7_Tdo_989_2015.txt,7 Tdo 989/2015,2015-11-25,SupCo,6 Ads 30/2012,0030_6Ads_120_20120629105942_prevedeno.txt,2012-06-06,SupAdmCo
